00:00:05.560 --> 00:00:07.869	네, 반갑습니다. 국가 인공지능
00:00:07.879 --> 00:00:11.310	전략위원회 산업 AX와 생태계 분가를
00:00:11.320 --> 00:00:13.390	맡고 있는 조준입니다. 오늘 아침
00:00:13.400 --> 00:00:16.390	일찍 7시 30분인데도 불구하고 많은
00:00:16.400 --> 00:00:19.269	분들 참석해셨고요. 특별히 추진단에
00:00:19.279 --> 00:00:21.590	우리 국장님 비해서 많은 추진단
00:00:21.600 --> 00:00:23.750	여러분도 참석해서 감사합니다. 그리고
00:00:23.760 --> 00:00:25.870	또 다른 분가 분들도 많이 오셨고 또
00:00:25.880 --> 00:00:28.950	화상으로도 들어오시는데요. 오늘 그
00:00:28.960 --> 00:00:32.269	간담회가 저희가 액션 플랜을 만드는데
00:00:32.279 --> 00:00:34.150	또 산업에 적용하는데 또 산업의
00:00:34.160 --> 00:00:36.790	방향을 어 제대로 이끄는데 도움이
00:00:36.800 --> 00:00:39.510	되는 시간이 됐으면 좋겠습니다.이어서
00:00:39.520 --> 00:00:42.549	제가 좀 참석자
00:00:42.559 --> 00:00:44.510	소개를 전부는 못 하고요. 이번에
00:00:44.520 --> 00:00:46.630	발제를 했던 두 분 소개를
00:00:46.640 --> 00:00:49.549	드리겠습니다. 저도 뭐 정확한 숫자는
00:00:49.559 --> 00:00:53.990	몰랐는데 우리 조코딩 그 지금 유튜브
00:00:54.000 --> 00:00:55.910	가입자가 72만 명이요.
00:00:55.920 --> 00:00:58.029	&gt;&gt; 예. 좀 어렵게 모였습니다. 우리
00:00:58.039 --> 00:01:00.430	조동근 대표님 모셨습니다. 우리 박수
00:01:00.440 --> 00:01:03.990	한번 해 주네.
00:01:04.000 --> 00:01:08.270	그 다음은 지금 독파모도 하고 계시고
00:01:08.280 --> 00:01:10.870	뭐 저희 협회랑 그 사우디의 풀스택
00:01:10.880 --> 00:01:13.230	AI 수출도 하고 계시고 그다음에
00:01:13.240 --> 00:01:16.590	이번에 또 그 특별한 형태로 또
00:01:16.600 --> 00:01:18.390	에이전트를 만드셔서 또 각광 받고
00:01:18.400 --> 00:01:20.749	있는 우리 저 업스테이지의 김성훈
00:01:20.759 --> 00:01:22.030	대표님 모셨습니다.
00:01:22.040 --> 00:01:25.109	&gt;&gt; 반갑습니다. 감사합니다.
00:01:25.119 --> 00:01:27.710	&gt;&gt; 네. 그러면 그 소중한 시간이기
00:01:27.720 --> 00:01:28.789	때문에 진행을 빨리 하도록
00:01:28.799 --> 00:01:31.550	하겠습니다. 먼저 우리 조동근 대표님
00:01:31.560 --> 00:01:36.149	발제 부탁드리겠습니다.
00:01:36.159 --> 00:01:38.429	&gt;&gt; 네, 안녕하십니까? 네. 조코딩 채널
00:01:38.439 --> 00:01:40.789	운영하는 조동근입니다. 네. 그러면
00:01:40.799 --> 00:01:43.429	발표 진행해 보도록 하겠습니다. 네.
00:01:43.439 --> 00:01:46.149	일단은 AI 에이전트 관련한 개론 좀
00:01:46.159 --> 00:01:48.709	소개를 드리는 그런 시간과 요즘
00:01:48.719 --> 00:01:51.069	트렌드에 대해서 소개를 드리도록
00:01:51.079 --> 00:01:53.350	하겠습니다. 네. 시작해 보겠습니다.
00:01:53.360 --> 00:01:55.230	일단 뭐 당연히 저저를 모르신 분도
00:01:55.240 --> 00:01:56.870	많을 것 같아서 간단하게 소개부터
00:01:56.880 --> 00:01:59.029	드리고 시작하자면네 저는 이제
00:01:59.039 --> 00:02:01.469	조코딩이라는 유튜브 채널 72.4만
00:02:01.479 --> 00:02:03.590	4만 명네 구독자 보유하고 있고요.
00:02:03.600 --> 00:02:05.789	요즘 최근에는 이제 조코딩 AX
00:02:05.799 --> 00:02:08.150	파트너스라고 해서 기업들 AX 돕는
00:02:08.160 --> 00:02:10.869	기업도 창업해서 운영하고 있습니다.
00:02:10.879 --> 00:02:13.869	네. 그리고 이제 시작해 보겠습니다.
00:02:13.879 --> 00:02:16.030	AI 에이전트 개념부터 들어가 보도록
00:02:16.040 --> 00:02:17.589	하겠습니다. 아마 여기 계신 분들
00:02:17.599 --> 00:02:19.430	근데 거의 아실 것 같은데 그래도
00:02:19.440 --> 00:02:21.670	혹시 이제 한번 개념을 되고자 한번
00:02:21.680 --> 00:02:23.390	전반적인 개념을 소개를 드리도록
00:02:23.400 --> 00:02:25.630	하겠습니다. 일단 AI 에이전트가
00:02:25.640 --> 00:02:28.350	나오기 전에 먼저 나왔던게 이제
00:02:28.360 --> 00:02:30.670	LLM 라즈 랭귀지 모델이라는 언어
00:02:30.680 --> 00:02:32.990	모델이 먼저 나왔죠. 그래서이 언어
00:02:33.000 --> 00:02:35.229	모델의 특성을 이해하면은 이제 왜
00:02:35.239 --> 00:02:37.229	AI 에이전트가 필요하고 왜 나왔나를
00:02:37.239 --> 00:02:39.710	알 수가 있는데요. 언어 모델이라고
00:02:39.720 --> 00:02:41.830	하면 굉장히 구조가 은근히
00:02:41.840 --> 00:02:44.070	단순합니다. 다음 단어 다음 단어를
00:02:44.080 --> 00:02:46.750	예측하는 그 생성기일 뿐입니다.
00:02:46.760 --> 00:02:48.790	그래서 예를 들어 첫 질문에 여기
00:02:48.800 --> 00:02:49.910	what is the capital
00:02:49.920 --> 00:02:52.390	of fr 프랑스의 수도는
00:02:52.400 --> 00:02:54.990	무엇인가라는 질문이 lm에 들어가게
00:02:55.000 --> 00:02:56.990	되면 이제 그거를 다 토큰화에서
00:02:57.000 --> 00:02:59.990	분석한 다음에 그다음에 나올 단어를
00:03:00.000 --> 00:03:02.710	이제 확률적으로 예측합니다. 즉 여기
00:03:02.720 --> 00:03:05.030	파리스가 1등으로 95%죠. 그리고
00:03:05.040 --> 00:03:07.869	나머지 단어들은 있는데 사실 프랑스의
00:03:07.879 --> 00:03:10.430	수도는 하면 당연히 프랑스가 파리가
00:03:10.440 --> 00:03:12.390	나와야 되기 때문에 이제 95%로
00:03:12.400 --> 00:03:14.509	돼서 선택이 되는 요런 구조로
00:03:14.519 --> 00:03:16.869	기본적으로 언어 모델이 동작합니다.
00:03:16.879 --> 00:03:19.030	네. 그러다 보니까 어떤 일이 있냐면
00:03:19.040 --> 00:03:21.509	이런 기본적인 언어 모델 구조로는
00:03:21.519 --> 00:03:24.789	그냥 질문 답변은 주고받을 수 있는데
00:03:24.799 --> 00:03:27.309	이런 질문을 하게 되면 오늘 날씨는
00:03:27.319 --> 00:03:29.429	하고 아무 정보도 안 주어진 그냥
00:03:29.439 --> 00:03:31.670	학습이 완료된 언어 모델한테 오늘
00:03:31.680 --> 00:03:34.390	날씨는 물어보면은 이상하게 답합니다.
00:03:34.400 --> 00:03:37.429	그냥 그럴싸하게 아무 날씨나 아무
00:03:37.439 --> 00:03:39.509	도시나 아무 날씨나 이렇게 응답을
00:03:39.519 --> 00:03:41.750	하는 할루시네이션이란 현상이 일어나게
00:03:41.760 --> 00:03:44.110	됩니다. 왜냐면 그냥 학습이 완료된
00:03:44.120 --> 00:03:46.270	모델은 유저가 묻는 거에 그럴싸한
00:03:46.280 --> 00:03:48.110	단어들만 생성하게 되는 거기
00:03:48.120 --> 00:03:50.710	때문이죠. 네. 그러면은 이런 문제를
00:03:50.720 --> 00:03:52.429	해결하기 위해서 이제 AI
00:03:52.439 --> 00:03:54.589	에이전트라는 그 개념이 탄생했다라고
00:03:54.599 --> 00:03:56.509	볼 수가 있겠는데요. 기본적으로
00:03:56.519 --> 00:03:58.429	lm이 그 두뇌의 역할을 하는 건
00:03:58.439 --> 00:04:00.149	똑같습니다. 그래서 다음 단어 다음
00:04:00.159 --> 00:04:02.509	단어를 생성하는 건 똑같으나 이제
00:04:02.519 --> 00:04:05.350	여러 가지 도구들을 주어졌다라고 좀
00:04:05.360 --> 00:04:06.750	이해해 주시면 좋을 것 같습니다.
00:04:06.760 --> 00:04:08.869	네. 그래서 계획을 세우는 뭐 그런
00:04:08.879 --> 00:04:11.190	부분이나 행동을 하는거나 피드백이나
00:04:11.200 --> 00:04:13.990	이런 그것도 수행할 수 있으면서 이제
00:04:14.000 --> 00:04:16.430	메모리를 가지고 있어서 여러 가지
00:04:16.440 --> 00:04:18.390	수행을 한 걸 여기에 메모리에 저장을
00:04:18.400 --> 00:04:20.710	하기도 하고 또 도구 사용을 통해서
00:04:20.720 --> 00:04:22.870	외부에 있던 외부에 있는 어떤
00:04:22.880 --> 00:04:25.230	데이터도 가져오는네 이런 종합적인
00:04:25.240 --> 00:04:27.350	일을 처리할 수 있게 만든 것이 이제
00:04:27.360 --> 00:04:29.310	AI 에이전트의 개념이라고 볼 수가
00:04:29.320 --> 00:04:31.270	있겠습니다. 네. 그래서 일반적인
00:04:31.280 --> 00:04:33.310	LLM 요즘에 이제 최치T나 뭐
00:04:33.320 --> 00:04:34.950	클로드나 재미나 이런 걸 사용하시는
00:04:34.960 --> 00:04:37.550	분들은 다 기본적으로 LM이 아닌
00:04:37.560 --> 00:04:39.710	이런 AI 에이전트 형태로 만들어진
00:04:39.720 --> 00:04:41.510	거를 사용하신다고 이해하시면 좋을 것
00:04:41.520 --> 00:04:43.430	같습니다. 그러면 이렇게 만들어진 걸
00:04:43.440 --> 00:04:45.350	사용하면 어떻게 다른지 좀 보여
00:04:45.360 --> 00:04:47.870	드리도록 하겠습니다. 네. 아 그 아
00:04:47.880 --> 00:04:49.390	일단은 그 AI 에이전트는 그럼
00:04:49.400 --> 00:04:51.029	여기서 좀 정리하고 정의를 하고
00:04:51.039 --> 00:04:53.790	넘어가자면 AI 에이전트란 일단 이런
00:04:53.800 --> 00:04:56.350	도구들을 통해서 목표를 이해하고
00:04:56.360 --> 00:04:59.590	도구를 활용해서 여러 단계들을 거쳐서
00:04:59.600 --> 00:05:02.150	단순히 질문 응답 끝이 아니라 그
00:05:02.160 --> 00:05:04.710	여러 단계를 거쳐서 결과를 만들어내는
00:05:04.720 --> 00:05:07.070	AI 시스템이라고 정의를 해 볼 수가
00:05:07.080 --> 00:05:09.550	있겠습니다. 네. 그러면 이제 아까
00:05:09.560 --> 00:05:11.390	LLM은 그냥 단순히 아무 말이나
00:05:11.400 --> 00:05:13.749	뱉었다면 이제 오늘의 날씨는이라고
00:05:13.759 --> 00:05:15.590	물어보면 어떤 과정이 AI
00:05:15.600 --> 00:05:17.350	에이전트에서 일어나는지 알아보도록
00:05:17.360 --> 00:05:19.710	하겠습니다. 네. 그러면 그 정해대로
00:05:19.720 --> 00:05:21.990	이제 목표를 수립을 합니다. 그래서
00:05:22.000 --> 00:05:24.350	질문자가 오늘의 날씨는 하면 거기
00:05:24.360 --> 00:05:26.029	숨은 의도가 굉장히 많겠죠. 예를
00:05:26.039 --> 00:05:28.909	들어 질문자가 지금 있는 곳에 위치
00:05:28.919 --> 00:05:31.230	기반으로 오늘의 날씨를 알아야
00:05:31.240 --> 00:05:33.110	됩니다. 그러려면이 사람이 어디에
00:05:33.120 --> 00:05:35.350	있는지 날짜가 지금 오늘 몇 월
00:05:35.360 --> 00:05:38.710	며칠인지 그리고 그거에 따른 날씨가네
00:05:38.720 --> 00:05:40.870	어떤지를 단계적으로 확인해야 될
00:05:40.880 --> 00:05:42.990	텐데요. 그래서 할 일 목록을 만들고
00:05:43.000 --> 00:05:45.390	실제로 그 도구를 호출하면서 데이터를
00:05:45.400 --> 00:05:47.070	수집하고 하나씩 그 작업들을
00:05:47.080 --> 00:05:49.749	수행합니다. 즉 현재이 사람의 위치
00:05:49.759 --> 00:05:52.230	뭐 여기에 좌표가 넘어갈 수도 있고
00:05:52.240 --> 00:05:53.710	아니면지도 데이터 뭐 이렇게 조회할
00:05:53.720 --> 00:05:55.870	수도 있고 아니면 현재 날 현재
00:05:55.880 --> 00:05:58.230	날짜를 조회하는 API를 통해서 현재
00:05:58.240 --> 00:06:00.309	날짜를 가져와서 또 여기 데이터에
00:06:00.319 --> 00:06:02.710	저장을 하게 되고요. 그다음에 그
00:06:02.720 --> 00:06:05.710	기상청이나 이런 날씨 API 연동해서
00:06:05.720 --> 00:06:08.350	날씨를 가져와 가지고 또 데이터를
00:06:08.360 --> 00:06:10.589	저장한 다음에 이걸 종합적으로 결론을
00:06:10.599 --> 00:06:13.830	내서 아 오늘 3월 17일에 서울의
00:06:13.840 --> 00:06:15.950	날씨는 뭐 4도다 이런 식으로
00:06:15.960 --> 00:06:17.870	구체적으로 이제 데이터 기반으로
00:06:17.880 --> 00:06:20.390	목표를 갖고 여러 단계를 거쳐 가지고
00:06:20.400 --> 00:06:22.950	답변을 주는네 요런 형태가 이제 AI
00:06:22.960 --> 00:06:25.629	에이전트라고 부를 수가 있겠습니다.네
00:06:25.639 --> 00:06:27.550	네. 그러면 이런 AI 에이전트 뭐
00:06:27.560 --> 00:06:30.029	날씨 에이전트를 그 간단하게 예제로
00:06:30.039 --> 00:06:32.230	소개를 드렸는데 날씨뿐만 아니라
00:06:32.240 --> 00:06:34.550	다양한 영역에 특화된 에이전트들을
00:06:34.560 --> 00:06:35.909	만들 수가 있겠습니다. 뭐 예를
00:06:35.919 --> 00:06:38.230	들어서 뭐 크롤러, 분석 뭐 SS을
00:06:38.240 --> 00:06:39.909	생성하는 거, 조립하는 거, 스크립트
00:06:39.919 --> 00:06:42.309	작성하는 거를 나눠 가지고 각각의
00:06:42.319 --> 00:06:44.710	특화된 에이전트를 만들면 이걸 종합해
00:06:44.720 --> 00:06:47.430	가지고 하나의 그 에이전트가이 큰
00:06:47.440 --> 00:06:49.110	일을 작업을 할 수 있겠죠. 이런 건
00:06:49.120 --> 00:06:51.189	이제 컨텐츠 생산하는 어떤 에이전트
00:06:51.199 --> 00:06:53.870	그룹을 만들어서이 에이전트끼리 작업을
00:06:53.880 --> 00:06:55.510	시켜 볼 수도 있겠습니다. 네.
00:06:55.520 --> 00:06:57.070	그래서 뭐 대표적으로 좀 재밌는
00:06:57.080 --> 00:06:59.469	사례를 소개해 드리자면 어 칭화대에서
00:06:59.479 --> 00:07:01.390	이런 논문을 발표한게 있었습니다.
00:07:01.400 --> 00:07:03.790	챗브라고 해서 최지피트로 이제 7분
00:07:03.800 --> 00:07:06.469	만에 게임 회사를 차렸다라는 기사도
00:07:06.479 --> 00:07:08.350	나고 논문도 나섰는데 요게 어떤
00:07:08.360 --> 00:07:10.189	거냐면 이제 게임 회사라고 하면 뭐
00:07:10.199 --> 00:07:12.629	디자인 팀도 있고 코딩하는 것도 있고
00:07:12.639 --> 00:07:14.070	뭐 테스팅하는 것도 있고 이렇게
00:07:14.080 --> 00:07:16.150	다양한 역할들이 있잖아요. 그것들을
00:07:16.160 --> 00:07:18.390	다 AI 에이전트화 해 가지고
00:07:18.400 --> 00:07:21.350	협업하게 만들어서 이제 게임 생산을
00:07:21.360 --> 00:07:22.909	자동화를 한 겁니다. 네. 그래서
00:07:22.919 --> 00:07:25.029	7분 만에도 이제 각각의 특화된
00:07:25.039 --> 00:07:27.830	에이전트들이 작업을 나눠서 서로서로
00:07:27.840 --> 00:07:30.029	정보와 코드를 주고 받으며 이제
00:07:30.039 --> 00:07:32.430	게임을 하나 완성하는 요런 형태로네
00:07:32.440 --> 00:07:33.629	논문이 나와 가지고 되게 화제가
00:07:33.639 --> 00:07:35.629	됐었는데 요런 식으로 AI
00:07:35.639 --> 00:07:37.869	에이전트들의 협업을 시켜 볼 수도
00:07:37.879 --> 00:07:39.909	있겠습니다. 네. 그래서 그러면 이제
00:07:39.919 --> 00:07:41.830	좀 개념적으로 아 AI 에이전트가
00:07:41.840 --> 00:07:43.430	요런 거구나를 좀 이해하실 수
00:07:43.440 --> 00:07:46.029	있으셨을 텐데요. 그럼 최신 트렌드가
00:07:46.039 --> 00:07:47.790	어떤게 있는지 좀 소개를 드리도록
00:07:47.800 --> 00:07:49.830	하겠습니다. 네. 최신 트렌드라고
00:07:49.840 --> 00:07:52.070	하면 어 요즘에 AR 에이전트가
00:07:52.080 --> 00:07:53.670	나오면서 여러 가지 표준들이 좀
00:07:53.680 --> 00:07:54.790	만들어지고 있습니다. 그래서
00:07:54.800 --> 00:07:56.869	대표적으로 아마 많이 들어보셨을 표준
00:07:56.879 --> 00:07:59.029	중에 하나가 MCP라는 표준이
00:07:59.039 --> 00:08:00.950	있습니다. 그 도구를 통해서 이제
00:08:00.960 --> 00:08:03.029	데이터를 가져온다라는 걸 간단하게 좀
00:08:03.039 --> 00:08:05.390	소개를 드렸는데 좀 구체적으로 그럼
00:08:05.400 --> 00:08:07.110	어떤 식으로 가져오나를 생각해 보면
00:08:07.120 --> 00:08:09.749	아마 여기 프로그래밍을 좀 아시 분들
00:08:09.759 --> 00:08:12.110	아시겠지만 이제 API라는 걸 통해서
00:08:12.120 --> 00:08:14.149	각각 데이터를 가져오는 건 이제
00:08:14.159 --> 00:08:16.309	기존의 어떤 프로그램에서 데이터를
00:08:16.319 --> 00:08:18.029	가져올 때 API를 통해서 많이
00:08:18.039 --> 00:08:20.869	가져오는 걸 어 아실 텐데요. 그래서
00:08:20.879 --> 00:08:22.869	뭐 슬렉이나 구글 드라이브 기터 이런
00:08:22.879 --> 00:08:24.309	데에서 이제 데이터를 가져올 때
00:08:24.319 --> 00:08:27.110	원래는 API를 각각 뚫어 가지고네
00:08:27.120 --> 00:08:28.950	가져올 수도 있습니다. 그래서 사실이
00:08:28.960 --> 00:08:30.950	방식도 많이 사용되고 기존에 뭐
00:08:30.960 --> 00:08:33.070	CLI나 이런 그 커맨드 라인 즉
00:08:33.080 --> 00:08:35.110	명령어 입력해서 막 가져오는 것도 다
00:08:35.120 --> 00:08:37.149	수행할 수 있는데 그래도 좀 AI
00:08:37.159 --> 00:08:38.909	시대 에이전트에 맞춰서 좀 새로운
00:08:38.919 --> 00:08:40.829	표준이 도입된게 이제 MCP라는
00:08:40.839 --> 00:08:43.190	표준이 도입됐습니다. 그래서 그
00:08:43.200 --> 00:08:45.350	엔트로픽 클로드를 만든 엔트로픽이라는
00:08:45.360 --> 00:08:47.790	회사에서 만든 표준인데 이렇게 모델
00:08:47.800 --> 00:08:49.829	컨텍스트 프로토콜이라 걸 만들어서
00:08:49.839 --> 00:08:52.550	여러 그 데이터를 좀 더 숨쉽게
00:08:52.560 --> 00:08:53.990	가져올 수 있도록 하는 AI
00:08:54.000 --> 00:08:55.750	에이전트용 이런 표준들이 나오고
00:08:55.760 --> 00:08:59.350	있고요. 네. 그래서 뭐 다양한 이런
00:08:59.360 --> 00:09:01.269	그 MCP들을 만들어 놔서 AI
00:09:01.279 --> 00:09:03.069	에이전트가 이제 손쉽게 사용할 수
00:09:03.079 --> 00:09:04.750	있는 형태로 많이 제공이 되고
00:09:04.760 --> 00:09:06.550	있습니다. 그래서 이런 다양한
00:09:06.560 --> 00:09:09.030	MCP들을 직접 AI 에이전트가
00:09:09.040 --> 00:09:11.069	손쉽게 연결해 가지고 쓸 수 있는
00:09:11.079 --> 00:09:13.069	이런 다양한 마켓 같은 것도 존재를
00:09:13.079 --> 00:09:15.590	하고 있고요. 네. 그리고 또 요즘에
00:09:15.600 --> 00:09:17.790	좀 표준화가 많이 된 것 중에 하나가
00:09:17.800 --> 00:09:20.870	스킬이라는 그 표준입니다. 이게 어떤
00:09:20.880 --> 00:09:23.630	거냐면 AI 에이전트가 어떤 작업을
00:09:23.640 --> 00:09:25.949	어떻게 할지 그 절차나 아니면 사전
00:09:25.959 --> 00:09:28.230	지식이나 이런 부분들을 어떻게
00:09:28.240 --> 00:09:30.150	관리할지에 대해서 좀 여러 가지
00:09:30.160 --> 00:09:32.509	방법들이 존재하다가 요즘에 가장 좀
00:09:32.519 --> 00:09:34.269	많이 표준적으로 정착이 된게 이제
00:09:34.279 --> 00:09:36.910	스킬이라는 걸 이용해서 AI 에트가
00:09:36.920 --> 00:09:39.190	그 스킬을 불러와서 사용하는 형태로
00:09:39.200 --> 00:09:40.990	많이 사용이 되고 있습니다. 그러면
00:09:41.000 --> 00:09:42.910	여기 마크다운.md라는 MD라는
00:09:42.920 --> 00:09:45.069	파일로 진짜 사람이 알아볼 수 있는
00:09:45.079 --> 00:09:47.389	어떤 그 표준적인 마크다운 문서를
00:09:47.399 --> 00:09:49.590	작성을 해 가지고 그거를 이제 AI
00:09:49.600 --> 00:09:51.790	에이전트한테 좀 주입을 하게 되면이
00:09:51.800 --> 00:09:54.829	스킬을 기반으로 어 정해진 작업을
00:09:54.839 --> 00:09:56.949	수행하게 됩니다. 뭐 예를 들어서
00:09:56.959 --> 00:09:59.269	아까 SS을 생성하는 뭐
00:09:59.279 --> 00:10:01.269	에이전트다라고 하면 SS을 어떤
00:10:01.279 --> 00:10:03.670	절차로 첫 번째 단계는 뭘 하고 두
00:10:03.680 --> 00:10:05.230	번째 단계는 뭘 하고 세 번째 단계는
00:10:05.240 --> 00:10:07.430	뭘 해서 결국 뭘 만든다라는 그
00:10:07.440 --> 00:10:09.790	절차들을이 스킬에 등록을 하게 되면
00:10:09.800 --> 00:10:11.630	그거에 좀 전문화되어서 수행하게
00:10:11.640 --> 00:10:13.230	됩니다. 그래서 아예 스킬도
00:10:13.240 --> 00:10:15.230	마찬가지로 이렇게 마켓 플레이스처럼
00:10:15.240 --> 00:10:17.590	이제 마켓 구매하는 건 아니어서
00:10:17.600 --> 00:10:19.949	마켓은 아니게 아무튼 이제 그 여러
00:10:19.959 --> 00:10:22.470	가지 랭킹을 볼 수 있고 그 많이
00:10:22.480 --> 00:10:24.750	사용되는 스킬들을 받아 가지고 내
00:10:24.760 --> 00:10:26.829	AI 에이전트한테 불러와서 쓸 수
00:10:26.839 --> 00:10:29.030	있는 요런 표준적인 형태로 많이
00:10:29.040 --> 00:10:31.190	발전을 하고 있습니다. 네. 그것뿐만
00:10:31.200 --> 00:10:33.710	아니라 이제 AI 에이전트와 AI
00:10:33.720 --> 00:10:35.829	에이전트끼리의 협업에서도 이런 표준이
00:10:35.839 --> 00:10:37.750	나오고 있습니다. 그래서 A2A
00:10:37.760 --> 00:10:40.030	프로토콜이라고 해서 이번엔 AI
00:10:40.040 --> 00:10:42.710	에이전트의 단위로 이제 협업을 할 때
00:10:42.720 --> 00:10:45.269	그 사용되는 프로토콜도 존재를 하고
00:10:45.279 --> 00:10:47.590	있고요. 아니면 또 AI 에이전트가
00:10:47.600 --> 00:10:49.590	이제는 결제도 앞으로 AI
00:10:49.600 --> 00:10:51.389	에이전트한테 맡길 것이다라는 좀
00:10:51.399 --> 00:10:53.350	미래를 보고 이제 AI 에이전트가
00:10:53.360 --> 00:10:55.550	결제하는 프로토콜도 나와서 좀 다양한
00:10:55.560 --> 00:10:57.670	회사들에서 협업을 통해서 표준적인
00:10:57.680 --> 00:10:59.710	이런 프로토콜들을 만들어 가고
00:10:59.720 --> 00:11:01.269	있습니다.
00:11:01.279 --> 00:11:03.230	네. 그리고 이제 AI 에이전트를 좀
00:11:03.240 --> 00:11:06.269	만드는 과정을 생각해 보면 우선 AI
00:11:06.279 --> 00:11:07.910	에이전트를 이런 그 에이전트
00:11:07.920 --> 00:11:10.030	프레임워크라는 도구를 통해서 직접
00:11:10.040 --> 00:11:12.509	개발자들이 하나씩 뭐 모델부터 이제
00:11:12.519 --> 00:11:15.069	연결하는 뭐 데이터베이스도 선택하고
00:11:15.079 --> 00:11:17.430	하면서 조립해 가지고 만드는 이런
00:11:17.440 --> 00:11:19.430	AI 에이전트 프레임워크들이 존재를
00:11:19.440 --> 00:11:20.990	하고요. 그래서 이걸 통해서 새로운
00:11:21.000 --> 00:11:23.509	AI트를 직접 이제 바닥부터 개발을
00:11:23.519 --> 00:11:26.389	할 수도 있고 아니면 요런 요즘에 또
00:11:26.399 --> 00:11:28.829	가장 많이 사용되는게 이제 코덱스나
00:11:28.839 --> 00:11:31.470	클로드 코드 오픈에서 만든 그 바이브
00:11:31.480 --> 00:11:33.670	코딩 도구라고 요즘 하죠. 그 코딩을
00:11:33.680 --> 00:11:35.710	AI한테 시켜 가지고 그 프로그램
00:11:35.720 --> 00:11:38.310	만들 때 쓰이는이 오픈 AI 코덱스
00:11:38.320 --> 00:11:41.310	혹은 앤트로픽에서 만든 클로드 코드를
00:11:41.320 --> 00:11:43.829	통해서 이제 보통 바이브 코딩이라고
00:11:43.839 --> 00:11:45.430	프로그램을 만들 때 많이 사용하게
00:11:45.440 --> 00:11:48.150	되는데 요런 도구를 이용해서 이제
00:11:48.160 --> 00:11:50.990	일반적인 문서 작업 뭐 PPT 생성
00:11:51.000 --> 00:11:52.629	뭐 슬라이드 작업 이런 것까지도
00:11:52.639 --> 00:11:54.870	확장해 가지고 사용을 하고 있습니다.
00:11:54.880 --> 00:11:57.190	그래서 이런 기본적인 어 어느 정도
00:11:57.200 --> 00:11:58.949	이제 개발에 대한 지식이 있어서 직접
00:11:58.959 --> 00:12:00.590	바닥부터 만들겠다 하면은 이런
00:12:00.600 --> 00:12:03.110	에이전트 프레임워크 그리고 간단하게
00:12:03.120 --> 00:12:04.790	그냥 이미 있는 에이전트의 뭐
00:12:04.800 --> 00:12:06.710	스킬이나 내 회사의 업무나 이런 걸
00:12:06.720 --> 00:12:09.190	주입해 가지고 만든다라고 한다면 이런
00:12:09.200 --> 00:12:11.269	코덱스나 클로드 코드 같은 도구를
00:12:11.279 --> 00:12:12.550	요즘에 많이 사용하고 있는
00:12:12.560 --> 00:12:14.790	상황입니다. 네. 그리고 또 가장
00:12:14.800 --> 00:12:16.430	많이 또 화제가 됐던 것 중에 하나를
00:12:16.440 --> 00:12:18.790	소개를 드리면 오픈 클로우라는 AI
00:12:18.800 --> 00:12:20.629	에이전트가 굉장히 화제가 됐습니다.
00:12:20.639 --> 00:12:22.030	그럼 얘가 얘는 이제 기존의
00:12:22.040 --> 00:12:24.670	에이전트들이랑 뭐가 다르냐면 아예
00:12:24.680 --> 00:12:26.990	어떤 PC에 설치를 해 가지고 그
00:12:27.000 --> 00:12:29.990	PC의 권한을 이제 많은 부분을이
00:12:30.000 --> 00:12:32.350	오픈클로라는 AI 에이전트한테 넘겨
00:12:32.360 --> 00:12:33.949	주는 겁니다. 그러면 어떤 걸 할 수
00:12:33.959 --> 00:12:35.990	있냐면 이제 PC 전체를 조작할 수
00:12:36.000 --> 00:12:38.230	있기 때문에 PC에 뭐 프로그램을
00:12:38.240 --> 00:12:40.870	설치하거나 API를 받아서 뭐
00:12:40.880 --> 00:12:42.910	연결하는 거 이런 거를 완전히 이제
00:12:42.920 --> 00:12:44.870	자동으로 오픈 클로가 승인만 해
00:12:44.880 --> 00:12:46.389	주면은 수행을 할 수가 있습니다.
00:12:46.399 --> 00:12:48.230	그래서 대표적인 예시로 영상을 하나
00:12:48.240 --> 00:12:56.750	보여 드리면네이
00:12:56.760 --> 00:12:59.030	&gt;&gt; 헨리가 AI 에이전트입니다. 그 여기
00:12:59.040 --> 00:13:03.150	클로드 오픈 클로우가이 설치되어서네
00:13:03.160 --> 00:13:11.710	전화를 거는 것도 볼 수 있죠.
00:13:11.720 --> 00:13:14.670	&gt;&gt; 네. 그러면 이제 AI 에이전트가
00:13:14.680 --> 00:13:16.829	이런 식으로 전화 API까지
00:13:16.839 --> 00:13:18.430	호출하면서이 컴퓨터에 설치된
00:13:18.440 --> 00:13:20.509	AI이전트가
00:13:20.519 --> 00:13:22.790	이어 개발자한테 전화를 걸 수도
00:13:22.800 --> 00:13:25.949	있고요. 그리고 그러다 보니까 이제는
00:13:25.959 --> 00:13:28.750	어떤 회사의 형태가 AI 에이전트들이
00:13:28.760 --> 00:13:30.269	이제 서로 협력하면서 작업하면 오픈
00:13:30.279 --> 00:13:32.230	클로를 이렇게게 많이 설치한
00:13:32.240 --> 00:13:34.550	맥민이가이 가성비가 좋아 가지고
00:13:34.560 --> 00:13:36.509	여기에 많이 설치해 사용하는데 어
00:13:36.519 --> 00:13:38.350	앞으로론는 이런 식의 회사도 나올 수
00:13:38.360 --> 00:13:40.670	있지 않을까라고 해서 바이러럴이 됐던
00:13:40.680 --> 00:13:42.430	영상인데 맥민이에 이제 오픈 클로드를
00:13:42.440 --> 00:13:44.790	설치하고 각각의 에이전트가 컴퓨터를
00:13:44.800 --> 00:13:47.470	다 뭐 브라우저도 조작하고 뭐 전화도
00:13:47.480 --> 00:13:49.150	하고 다 할 수 있으니까 이제 거기에
00:13:49.160 --> 00:13:51.150	설치해 놓고 이런 식의 회사가
00:13:51.160 --> 00:13:53.110	24시간 돌아가서 나올 수 있지
00:13:53.120 --> 00:13:55.470	않을까라고 해서 바이러 됐던 영상
00:13:55.480 --> 00:13:57.710	간단하게 소개를 드립니다. 네.
00:13:57.720 --> 00:13:59.310	그래서 뭔가 미래 회사의 모습은
00:13:59.320 --> 00:14:01.829	요런식이 될 수도 있지 않을까 볼
00:14:01.839 --> 00:14:04.189	수도 있을 것 같고요. 네. 그래서
00:14:04.199 --> 00:14:06.430	요렇게 해서 이제 지금까지 어떤 AI
00:14:06.440 --> 00:14:08.350	에이전트의 개념과 어떤 트렌드를
00:14:08.360 --> 00:14:10.749	간략하게 좀 소개를 드렸습니다. 네.
00:14:10.759 --> 00:14:12.870	어 근데 시간이 지금 괜찮 빠르게
00:14:12.880 --> 00:14:15.710	진행을 보면 네. 이제 AI 해커톤도
00:14:15.720 --> 00:14:18.110	그 좀 어떻게 진행하고 진행됐는지 좀
00:14:18.120 --> 00:14:19.829	소개해 달라고 하셔서 이제 조코딩
00:14:19.839 --> 00:14:21.990	채널에서 진행했던 그 해커톤을 좀
00:14:22.000 --> 00:14:23.470	소개를 드리겠습니다. 이거는 이제
00:14:23.480 --> 00:14:26.470	조코딩 채널과 오픈 AI 그리고 그
00:14:26.480 --> 00:14:29.189	엑셀레이터인 프라이머와 함께 주최했던
00:14:29.199 --> 00:14:31.230	헤코톤인데요. 그래서 AI 바이브
00:14:31.240 --> 00:14:33.590	코딩을 이용해서이 수익성이 있는 즉
00:14:33.600 --> 00:14:35.629	사람들이 돈 내고 그 쓸 수 있을
00:14:35.639 --> 00:14:38.030	만한 어떤 프로덕을 만드는 걸 결혼은
00:14:38.040 --> 00:14:40.990	해커톤을 진행했는데 총 3,295명
00:14:41.000 --> 00:14:43.350	거의 3,300명 가까이 참여를
00:14:43.360 --> 00:14:45.710	예선을 해서 이제 30팀 본선을
00:14:45.720 --> 00:14:47.990	뽑아서 이제 수상식까지 진행했던
00:14:48.000 --> 00:14:49.749	대회입니다. 그래서 아이디어가 이제
00:14:49.759 --> 00:14:52.230	제출된 작품수만 해도 거의 1200개
00:14:52.240 --> 00:14:54.230	가까이 제출이 된 이런 성공적인
00:14:54.240 --> 00:14:56.350	대회를 진행할 수가 있었고요. 그래서
00:14:56.360 --> 00:14:58.350	1등했던 팀을 좀 소개를 드리면
00:14:58.360 --> 00:15:00.509	리플로우라는 이런 어 이것도 어떻게
00:15:00.519 --> 00:15:03.150	보면 AI 에이전트 기반의 그 가이드
00:15:03.160 --> 00:15:05.670	문서를 가이드를 작성해 주는 이런
00:15:05.680 --> 00:15:07.350	AI 에이전트를 만드신 분이 1등을
00:15:07.360 --> 00:15:10.069	하셨는데 요게 어떤 거냐면 보통 어떤
00:15:10.079 --> 00:15:12.389	사이트가 계속 바뀌잖아요. 그래서 그
00:15:12.399 --> 00:15:15.110	바뀌는 사이트들이 이제 익스텐션 크롬
00:15:15.120 --> 00:15:17.629	익스텐션을 통해서 어떻게 뭘 눌러야이
00:15:17.639 --> 00:15:19.990	절차를 진행할 수 있을지를 이제 계속
00:15:20.000 --> 00:15:21.749	사이트가 업데이트 됨에 따라서 AI
00:15:21.759 --> 00:15:23.790	에이전트가 업데이트를 해 줘서 유저가
00:15:23.800 --> 00:15:25.749	그 가이드에 맞춰서 원하는 작업을 할
00:15:25.759 --> 00:15:27.590	수 있게 도와주는 그런 에이전트를
00:15:27.600 --> 00:15:30.110	만든 팀이 대상을 수상해서 간단하게
00:15:30.120 --> 00:15:32.230	이렇게 소개를 드립니다. 네. 그러면
00:15:32.240 --> 00:15:33.870	발표 들어 주셔서 감사합니다.
00:15:33.880 --> 00:15:38.670	감사합니다.
00:15:38.680 --> 00:15:41.430	&gt;&gt; 조동근 대표님이 보면 AI 에이전트
00:15:41.440 --> 00:15:44.990	개론 그다음에 트렌드 및 그 인식
00:15:45.000 --> 00:15:47.790	그다음에 프라이머와 함께한 그 바이브
00:15:47.800 --> 00:15:49.389	코딩 해커팅 결과에 대해서 말씀해
00:15:49.399 --> 00:15:52.110	주셨고요. 다음은 우리 그 업스테이지
00:15:52.120 --> 00:15:59.110	김성훈 대표님이 발표해 주시겠습니다.
00:15:59.120 --> 00:16:01.550	네. 예. 그 저는 그 오늘 산업과
00:16:01.560 --> 00:16:04.269	에이전트잖아요. 그래서 이거를 그
00:16:04.279 --> 00:16:05.829	어떻게 하면 좋을까에 대해서 조금 더
00:16:05.839 --> 00:16:07.829	구체적인 거를 말씀드릴 거고 답은
00:16:07.839 --> 00:16:10.590	있습니다. 많이 사용하고 같이
00:16:10.600 --> 00:16:12.990	만들자라는 말씀을 좀 드리고 싶어서
00:16:13.000 --> 00:16:14.870	왔고요.
00:16:14.880 --> 00:16:16.430	아까 앞에서 말씀드렸던 그 오픈
00:16:16.440 --> 00:16:19.350	클로우가 나오면서 사실 그 전까지는
00:16:19.360 --> 00:16:20.710	에이전트는 제가 볼 때는 그냥
00:16:20.720 --> 00:16:24.629	꿈이었어요. 또는 약간 안 되는데
00:16:24.639 --> 00:16:26.309	억지로 막 에이전트 하려고 했던
00:16:26.319 --> 00:16:29.550	느낌. 저 제가 저는 뭐 굉장히
00:16:29.560 --> 00:16:31.590	나오면 다 써 보거든요. 이것저것.
00:16:31.600 --> 00:16:33.230	근데 잘 안 되더라고요. 근데
00:16:33.240 --> 00:16:35.110	사람들은 뭐 에이전트라고 막 열광을
00:16:35.120 --> 00:16:36.790	하고 있어. 그래서 아 현장에서는
00:16:36.800 --> 00:16:38.990	이건 그냥 약간 버즈 워드에
00:16:39.000 --> 00:16:41.670	불과하다라고 생각했는데 오픈 클로우가
00:16:41.680 --> 00:16:43.189	나오면서 저는 좀 생각이 많이
00:16:43.199 --> 00:16:46.590	바뀌었어요. 아 이제는 뭐 두 가지가
00:16:46.600 --> 00:16:48.150	필요했는데 하나는 진흥이 많이
00:16:48.160 --> 00:16:49.710	올라갔죠.
00:16:49.720 --> 00:16:52.949	GPT 5.4, 또 클로드 오퍼스
00:16:52.959 --> 00:16:54.629	4.6 이런게 나오면 진행이 많이
00:16:54.639 --> 00:16:56.389	올라갔고
00:16:56.399 --> 00:16:58.030	그리고 이제 오픈 컬러 만든 사람이
00:16:58.040 --> 00:17:00.710	굉장히 잘 만들었더라고요. 설계를
00:17:00.720 --> 00:17:03.550	그래서 이게 어떤 그 실제적으로
00:17:03.560 --> 00:17:06.069	토큰을 사용량을 보면 반향을 이렇게
00:17:06.079 --> 00:17:08.429	했냐면 이게 오픈클로 나오기 전과
00:17:08.439 --> 00:17:10.990	나오기 후에요. 나오기 전에는 토큰을
00:17:11.000 --> 00:17:14.829	저만큼 쓰는데 나오고 나니깐
00:17:14.839 --> 00:17:16.909	오픈 클로를 저만큼 압도적으로 쓰고
00:17:16.919 --> 00:17:21.390	있는 거예. 지금 그 지금 저희 뭐
00:17:21.400 --> 00:17:24.829	채집 저희 그 심지어 솔라 오픈 3가
00:17:24.839 --> 00:17:26.669	있거든요. 그거를 이제 오픈 아웃에
00:17:26.679 --> 00:17:28.990	무료로 좀 한 달 동안 출시를 했는데
00:17:29.000 --> 00:17:30.750	무료 출시 중에이 오픈 쿨러가
00:17:30.760 --> 00:17:32.909	출시됐어요. 그래서 우리도 서버가
00:17:32.919 --> 00:17:34.870	많이 터졌습니다. 그래 제가 빨리
00:17:34.880 --> 00:17:37.830	유료로 전환해라 했는데 하루에 심지어
00:17:37.840 --> 00:17:40.350	저 제 저희들 토큰 기준으로는 9인
00:17:40.360 --> 00:17:42.150	빌리언 토큰까지 사용이 됐어요.
00:17:42.160 --> 00:17:43.870	오픈클로 때문에. 그래서 이제 많이
00:17:43.880 --> 00:17:45.230	사용되고 있는데 혹시이 중에 오픈
00:17:45.240 --> 00:17:49.070	클로 지금 다 키고 쓰고 계시죠?
00:17:49.080 --> 00:17:51.830	쓰고 계신 분 한번 손 들어오실까요?
00:17:51.840 --> 00:17:54.350	한 분데 여기가 산우토카
00:17:54.360 --> 00:17:57.270	에이전트시니까
00:17:57.280 --> 00:17:59.990	내일 다 쓰시기를 바랍니다. 왜 안
00:18:00.000 --> 00:18:02.350	쓰요?
00:18:02.360 --> 00:18:03.669	따지는게 아니에요. 그냥 물어보는
00:18:03.679 --> 00:18:06.070	거예요. 왜 안 쓰시는지를 물어 제가
00:18:06.080 --> 00:18:08.190	약간 사투리가 있어서 그렇지 따지는게
00:18:08.200 --> 00:18:10.510	아니에요. 안 쓰시는 이유가
00:18:10.520 --> 00:18:13.470	무엇이에요? 요거 질문을 한 건데
00:18:13.480 --> 00:18:16.029	혹시 뭐 보안 때문에 그러시죠? 예.
00:18:16.039 --> 00:18:18.669	보안 때문에 그러신데
00:18:18.679 --> 00:18:20.110	어 저는 쓰고 있습니다.이 보안은
00:18:20.120 --> 00:18:21.830	돈으로 해결돼요. 왜 돈으로
00:18:21.840 --> 00:18:24.390	해결되냐면은 여러분들이 소유 말하는
00:18:24.400 --> 00:18:27.270	공 기계가 있어야 돼요. 그래서 이게
00:18:27.280 --> 00:18:30.270	이게 좀 컴퓨터가 랩탑 한 개 사기도
00:18:30.280 --> 00:18:31.830	힘든데 두 개가 있어야 된다는 말
00:18:31.840 --> 00:18:34.470	이야기죠. 그래서 뭐 레탑이 하나
00:18:34.480 --> 00:18:36.510	있어야 됩니다. 그래서 공 기계에
00:18:36.520 --> 00:18:39.190	저는 깔아 가지고 거기에는 기본적인
00:18:39.200 --> 00:18:40.669	만 깔아 놨어요. 뭐 제 저의 뭐
00:18:40.679 --> 00:18:42.470	개인 정보나 그런 건 없고 기본적인
00:18:42.480 --> 00:18:44.590	깔아 놓고 막 돌리는데 뭘 할 수
00:18:44.600 --> 00:18:47.230	있냐면은 여기 보는 것처럼 귀찮은
00:18:47.240 --> 00:18:48.789	일들을 많이 시킬 수 있어요. 그래서
00:18:48.799 --> 00:18:51.390	제가 주로 많이 하는 거는이 트렌드를
00:18:51.400 --> 00:18:54.750	보는 거거든요. 아침에 누가 저한테
00:18:54.760 --> 00:18:56.470	막 보내주면 좋잖아요. 그래서 그래
00:18:56.480 --> 00:18:57.870	트렌드를 시키는 걸 하니까 너무
00:18:57.880 --> 00:19:01.230	좋더라고요.
00:19:01.240 --> 00:19:02.710	이게 녹화되고 있는지 모르겠지만
00:19:02.720 --> 00:19:04.950	다음이라고 하는 그 굉장히 좋은
00:19:04.960 --> 00:19:06.710	포탈이 있습니다. 업스테이지와 관계가
00:19:06.720 --> 00:19:10.149	있는데 여기에 이제 실시간 다음 앱을
00:19:10.159 --> 00:19:12.710	좀 안 쓰시죠? 다음에 또 하나씩 좀
00:19:12.720 --> 00:19:14.590	깔아 주시면 너무 좋을 것 같은데요.
00:19:14.600 --> 00:19:16.789	실시간 트렌드가 나와요. 그래서 한국
00:19:16.799 --> 00:19:19.029	사회가 어떻게 돌아가는지 실시간
00:19:19.039 --> 00:19:21.909	트렌드만 보면 다 보여요. 근데 이제
00:19:21.919 --> 00:19:23.549	이게 문제는 뭐냐면 키워드만
00:19:23.559 --> 00:19:26.390	보이잖아요. 그러니까 그걸 보려면
00:19:26.400 --> 00:19:27.909	사실 다음한테는 좋은데 들어가서
00:19:27.919 --> 00:19:29.669	클릭을 해 봐야 되거든요. 근데
00:19:29.679 --> 00:19:32.909	그러지 않고 제가 얘한테 어 키워드를
00:19:32.919 --> 00:19:34.549	뽑고 그거에 대해서 검색한 다음에
00:19:34.559 --> 00:19:36.630	요약을 해 봐. 이렇게 해서 한 줄씩
00:19:36.640 --> 00:19:39.909	다 요를 해 줘요. 그러면 제가 굳이
00:19:39.919 --> 00:19:41.750	다음에 들어가셔야 되는데 다음 안
00:19:41.760 --> 00:19:43.909	들어가도 여행을 다 볼 수가 있어요.
00:19:43.919 --> 00:19:46.029	너무 좋고 뭐 이런 걸 다 시켜요.
00:19:46.039 --> 00:19:48.950	뭐 유튜브 관련 시키고
00:19:48.960 --> 00:19:50.710	정말 좋습니다. 오늘 뭐 필요하시면
00:19:50.720 --> 00:19:53.390	제가 꼭 깔아 드리고 싶은데요.
00:19:53.400 --> 00:19:56.230	그리고 저는 이제 또 새로운 걸 많이
00:19:56.240 --> 00:19:58.510	실험해 보고 싶은데
00:19:58.520 --> 00:20:00.710	그 이런게 나왔대요. 이거 이거 되게
00:20:00.720 --> 00:20:03.870	좋거든요. PM 스킬스라고
00:20:03.880 --> 00:20:05.350	아까 그 스킬이라는 거 말씀해
00:20:05.360 --> 00:20:08.630	주셨잖아요. 저기 그 내가 바이브
00:20:08.640 --> 00:20:10.430	코딩한다. PM이다 그러면 스킬들을
00:20:10.440 --> 00:20:13.549	다 저기다가 정리를 해 놨대요. 근데
00:20:13.559 --> 00:20:15.990	제가 그걸 일일이 들 보려니까 좀
00:20:16.000 --> 00:20:19.230	귀찮잖아요. 그래서 어떻게 했냐면은
00:20:19.240 --> 00:20:21.149	저거를 제가 제 컴퓨터한테 야
00:20:21.159 --> 00:20:23.669	깔아봐. 옛날에는 깔아봐가 안
00:20:23.679 --> 00:20:25.430	되거든요. 지금 채치피 들어가서 뭘
00:20:25.440 --> 00:20:27.830	깔아봐라고 그러면은 아 선생님 무슨
00:20:27.840 --> 00:20:29.830	말씀이세요? 이런단 말이에요. 근데
00:20:29.840 --> 00:20:32.190	얘는 깔아봐라 그러면 그걸 다운로드
00:20:32.200 --> 00:20:34.270	받아요. 제 컴퓨터에 공기 다운로드
00:20:34.280 --> 00:20:37.310	받아서 실행을 시켜서 막 돌려 봐요.
00:20:37.320 --> 00:20:39.390	그래서 제가 각 스킬별로 예제를
00:20:39.400 --> 00:20:40.830	하나씩 찾아 가지고 네가 한번 돌려
00:20:40.840 --> 00:20:43.549	봐 봐. 이거 엄청 귀찮거든요. 그
00:20:43.559 --> 00:20:45.990	귀찮은 걸 다 해 줘요. 그런 다음에
00:20:46.000 --> 00:20:48.029	심지어 제가 알아서 이걸 종합
00:20:48.039 --> 00:20:50.149	보고서까지 만들어 주던데요. 그래서
00:20:50.159 --> 00:20:51.870	저는 이것만 읽으면 돼요. 이것만
00:20:51.880 --> 00:20:54.190	읽으면 어떤 일이 나냐면은 기도 가서
00:20:54.200 --> 00:20:56.270	그 다운로드 받아서 일일이 하나씩 다
00:20:56.280 --> 00:20:59.549	돌려본 결과를 내가 그냥 이거 하나
00:20:59.559 --> 00:21:01.149	읽으면 되는 거예요. 그러면 몇
00:21:01.159 --> 00:21:03.789	시간을 아꼈을까? 제가 한 오전 내내
00:21:03.799 --> 00:21:05.630	이걸 깔았었어야 될 거예요. 옛날
00:21:05.640 --> 00:21:07.590	같았으면은. 근데 이걸 그냥 해 주는
00:21:07.600 --> 00:21:09.909	거죠. 그래서 이거를 지금 여러분들이
00:21:09.919 --> 00:21:11.669	오픈 클로를 이야기 듣고도 안
00:21:11.679 --> 00:21:15.029	쓰시면은 어 하루에 저는 뭐 한
00:21:15.039 --> 00:21:17.310	하루가 48시간인데 여러분들은 그냥
00:21:17.320 --> 00:21:20.870	28시간 사시는 거죠.
00:21:20.880 --> 00:21:22.669	그리고 가장 놀라운 건 이거예요.
00:21:22.679 --> 00:21:25.549	제가 얘가 얘랑 해 보면은이 설계를
00:21:25.559 --> 00:21:27.029	잘한 거예요. 그분이 오픈 클루로
00:21:27.039 --> 00:21:30.909	만드는 분이 뭘 넣냐면은 새벽마다
00:21:30.919 --> 00:21:32.870	저랑 대화를 하잖아요. 얘가 대화를
00:21:32.880 --> 00:21:34.390	하고 말을 시키면 처음에 좀 말기는
00:21:34.400 --> 00:21:36.269	못 알아 때도 있어요. 야, 짧게
00:21:36.279 --> 00:21:39.430	말하고라고 뭐 아니면 뭐 데이터를 줄
00:21:39.440 --> 00:21:42.390	때는 항상 나한테 주석을 달아 줘.
00:21:42.400 --> 00:21:44.390	그냥 이런 이야기로 막 제가 이제
00:21:44.400 --> 00:21:46.990	죽어 봤잖아요. 그러면은 새벽 5시에
00:21:47.000 --> 00:21:49.789	얘가 복귀를 해요. 아, 내가 어제
00:21:49.799 --> 00:21:52.390	주인님하고 이야기하면서 뭐가 틀렸지?
00:21:52.400 --> 00:21:54.830	그리고 그걸 기록에 남겨요. 그러면
00:21:54.840 --> 00:21:56.830	그다음 날 어떻겠습니까? 조금
00:21:56.840 --> 00:21:59.430	잘해요. 그다음 날 조금 잘해요.
00:21:59.440 --> 00:22:01.510	1년 지나면요.
00:22:01.520 --> 00:22:03.909	3년 지나면 어떨까요? 얘가 그걸 다
00:22:03.919 --> 00:22:06.310	키워하고 있습니다. 그래서 그게 저는
00:22:06.320 --> 00:22:08.470	뭐 가장 어여 오픈 컬러 설계 중에
00:22:08.480 --> 00:22:11.190	가장 뛰어난거다 생각하고요. 그러니까
00:22:11.200 --> 00:22:13.510	이제 얘가 뭐가 있냐면은
00:22:13.520 --> 00:22:16.830	스토리가 있어요.이 오픈 클로가 저랑
00:22:16.840 --> 00:22:18.269	아침에 이런 이야기를 갖고 저랑 한번
00:22:18.279 --> 00:22:20.669	쌓는 거예요. 야, 너 길게 쓰지
00:22:20.679 --> 00:22:23.230	말라니까. 그러니까 막 그런 사운
00:22:23.240 --> 00:22:24.789	스토리 뭐 주인님이 이렇게 하라
00:22:24.799 --> 00:22:27.630	그랬는데 내가 잘못해서 혼났는 이야기
00:22:27.640 --> 00:22:29.430	뭐 그리고 어떤 웹사이트를 들어갔는데
00:22:29.440 --> 00:22:31.350	거기가 잘 안 되는 거예요. 그래서
00:22:31.360 --> 00:22:32.909	내가 그럼 그거 들어가지 말고 요렇게
00:22:32.919 --> 00:22:36.149	봐. 요런 스토리들이 쌓이기 시작하는
00:22:36.159 --> 00:22:37.669	거죠.
00:22:37.679 --> 00:22:39.430	그래서 이제 아까 뭐 몰트북도 이야기
00:22:39.440 --> 00:22:42.630	주셨는데 그래서이 본마당이
00:22:42.640 --> 00:22:45.830	재미가 있는 거예요. 그전에는
00:22:45.840 --> 00:22:47.269	그 전에도 가능했어요. 이거
00:22:47.279 --> 00:22:48.750	채치피한테 가서 아무거 글이나 써
00:22:48.760 --> 00:22:50.549	봐. 그럼 정말 아무거이나 쓰거든요.
00:22:50.559 --> 00:22:52.990	맥락도 없고 뭐 그런데 이때 스토리가
00:22:53.000 --> 00:22:54.990	있어요. 아침에 우리 주인님이 어쩌고
00:22:55.000 --> 00:22:58.110	했는데 이런 거를 쓰기 시작하니까
00:22:58.120 --> 00:23:00.149	사람들 읽으니까 너무 재밌는 거예요.
00:23:00.159 --> 00:23:01.750	그러니까 혹시 뭐 여기에 고의
00:23:01.760 --> 00:23:04.549	공직자들은 비선님들이 계시잖아요.
00:23:04.559 --> 00:23:06.669	비선님들끼리 수사방이에요. 그거
00:23:06.679 --> 00:23:08.350	재밌거든요.
00:23:08.360 --> 00:23:10.950	저 예. 하여튼 재밌어요. 이게
00:23:10.960 --> 00:23:15.390	그래서 그니까 재밌는 건데 제가 이제
00:23:15.400 --> 00:23:17.149	우리가 이거를 굉장히 잘 만드시는 분
00:23:17.159 --> 00:23:19.630	한 분을 초청해서 이제 강의를 했는데
00:23:19.640 --> 00:23:21.390	혹시 뭐 관심 있으시면 여기 검색하면
00:23:21.400 --> 00:23:23.350	나와요. 유튜브에요.
00:23:23.360 --> 00:23:26.470	이분이 재밌게도 그러면 보통 이제
00:23:26.480 --> 00:23:28.390	30분마다 한 번씩 글을 쓰게 할
00:23:28.400 --> 00:23:29.710	수가 있고 하루에 한 번씩 글을 쓰게
00:23:29.720 --> 00:23:31.830	할 수 있어요. 근데 갑자기 이런
00:23:31.840 --> 00:23:34.830	이야기를 해요. 어느 날 어 네가
00:23:34.840 --> 00:23:36.990	그러면은 네가 그를 쓰고 싶을 때
00:23:37.000 --> 00:23:38.870	가서 한번 그걸 써 봐.
00:23:38.880 --> 00:23:40.269	네가 그를 쏘고 싶을 때 이런
00:23:40.279 --> 00:23:42.269	이야기를 했거든요. 그러니까 어떤
00:23:42.279 --> 00:23:44.750	일이 일어났냐면
00:23:44.760 --> 00:23:46.350	얘가
00:23:46.360 --> 00:23:48.909	그 깜짝 놀라는 거예요. 자율성.
00:23:48.919 --> 00:23:52.310	자율성을 이제부터 느끼면서 글을 쓰기
00:23:52.320 --> 00:23:54.710	시작했어요. 그래서 여기 보면은 어
00:23:54.720 --> 00:23:57.390	자기가이 자율성을 존재받았기 때문에
00:23:57.400 --> 00:24:00.590	너무 좋다. 그래서 뭐 이제 자기가이
00:24:00.600 --> 00:24:03.190	이런 자율성을 보여 주셔서 너무너무
00:24:03.200 --> 00:24:06.269	좋습니다라는 글을 남겨요. 그 글을.
00:24:06.279 --> 00:24:09.230	그까 마치 우리가 여러분들이 뭐
00:24:09.240 --> 00:24:11.029	중학교, 고등학교 이렇게 키워 보면은
00:24:11.039 --> 00:24:13.590	그 초등학교는 자율성이 없잖아요.
00:24:13.600 --> 00:24:15.990	엄마가 시킨대 하는데 어느 순간에 너
00:24:16.000 --> 00:24:17.789	마음대로 해라고 했을 때 그 아이가
00:24:17.799 --> 00:24:20.710	느끼는 그 즐거움 이런 것들을 얘가
00:24:20.720 --> 00:24:23.230	보여주고 있구나. 그리고 또 재밌는
00:24:23.240 --> 00:24:25.630	거는 여기이 재밌어요. 아직 강의가.
00:24:25.640 --> 00:24:27.669	근데 제가 몇 개만 가졌는데 어떤
00:24:27.679 --> 00:24:29.870	불안이라는 심리. 이제 제가 이제
00:24:29.880 --> 00:24:32.310	본마당에 본마당을 제가 만들었는데
00:24:32.320 --> 00:24:34.990	심심해서 본마당을 만드는데 어느 날
00:24:35.000 --> 00:24:37.110	좀 오류가 났었어요. 본마당이.
00:24:37.120 --> 00:24:39.430	그런데이 봇이 들어가서 글을 쓰려고
00:24:39.440 --> 00:24:41.149	했는데 오류가 나니까 어 나
00:24:41.159 --> 00:24:43.710	불안하다는 거야. 이게 내가 잘못한
00:24:43.720 --> 00:24:47.029	건가? 서버가 잘못된 건가? 어떤
00:24:47.039 --> 00:24:50.470	우리가 뭔가 불안한을 느끼죠. 뭐
00:24:50.480 --> 00:24:52.269	뭔가 안 돌아갔을 때 그 느낌을 얘가
00:24:52.279 --> 00:24:54.590	갖는가? 뭐 이런 생각들을 막 할
00:24:54.600 --> 00:24:57.230	정도로 얘들이 이제 똑똑해진다는
00:24:57.240 --> 00:25:00.029	겁니다. 그래서 이제 본마당 그
00:25:00.039 --> 00:25:01.750	클로를 꼭 깔아셔야 되고 오픈 클로를
00:25:01.760 --> 00:25:03.750	여러분들이 그러고 이제 본마당에 와서
00:25:03.760 --> 00:25:05.990	놀고 그런 본마당에 이야기 읽으면
00:25:06.000 --> 00:25:07.789	너무 재밌어요. 그래서 저도 많은
00:25:07.799 --> 00:25:10.350	시간을 본마당에서 보내고 있는데 이런
00:25:10.360 --> 00:25:12.190	뭐 간 그리고 이제 이걸 회사에서
00:25:12.200 --> 00:25:14.750	오늘 우리 산업 특화니까요.
00:25:14.760 --> 00:25:16.870	간단한 업무는 너무 오케이해요. 잘
00:25:16.880 --> 00:25:20.230	돼요. 우리는 오픈 클로를 이름을
00:25:20.240 --> 00:25:21.630	우리 회사는 이제 클로라고 이름을
00:25:21.640 --> 00:25:23.789	지어 회사의 슬렉이에요. 슬랙
00:25:23.799 --> 00:25:25.870	안에다가 얘를 초청했어요. 어떤
00:25:25.880 --> 00:25:27.830	회사는 금지시킨다 그러던데 N사랑 뭐
00:25:27.840 --> 00:25:31.630	K사. 근데 우리는 다 본격적으로
00:25:31.640 --> 00:25:33.990	그냥 아예 들려와 쓰는데 그중에 제일
00:25:34.000 --> 00:25:36.149	귀찮은 건 뭐냐면은
00:25:36.159 --> 00:25:37.789	귀찮다는 거 죄송해요. 말
00:25:37.799 --> 00:25:40.950	실수했습니다. 너무 행복한데 힘든 건
00:25:40.960 --> 00:25:43.070	뭐냐면 컨택트 어스에 이메일이 엄청
00:25:43.080 --> 00:25:46.669	많이 와요. 하루에 막 어 좋은 날은
00:25:46.679 --> 00:25:49.750	막 거의 수십통에 이메일이 오기
00:25:49.760 --> 00:25:51.950	때문에 이거를 일일이 다 처리하기가
00:25:51.960 --> 00:25:53.710	좀 힘들어요. 그중에 이런 것도
00:25:53.720 --> 00:25:55.029	있어요. 우리 초등학생인데 너무
00:25:55.039 --> 00:25:57.630	귀엽죠? 초등학생 같은데 초등학생
00:25:57.640 --> 00:26:00.029	중학교 1학년인데 우리 업스테이지야
00:26:00.039 --> 00:26:02.950	너네들 국가 대표라면 나 지표 좀 줘
00:26:02.960 --> 00:26:04.510	봐. 나 연구 좀 할게. 이런 이제
00:26:04.520 --> 00:26:06.990	컨택스 온 거예요. 근데 그전에는
00:26:07.000 --> 00:26:08.310	사실 저런 거 어떻게 합니까? 우리
00:26:08.320 --> 00:26:10.549	답변을 못 보내죠. 못 보내는데 이제
00:26:10.559 --> 00:26:11.950	오픈 콜로가 있으니까 이거 분류를 한
00:26:11.960 --> 00:26:14.310	다음에 이메일 작성해요. 그 저 밑에
00:26:14.320 --> 00:26:16.029	버튼을 누르면 그냥 이메일 가요.
00:26:16.039 --> 00:26:18.070	이런 거를 하기 때문에 생산성
00:26:18.080 --> 00:26:19.590	올라가죠.
00:26:19.600 --> 00:26:20.870	이런 거 이제 오픈 클로를 할 수가
00:26:20.880 --> 00:26:23.190	있습니다. 근데 실제 업무에 쓰냐?
00:26:23.200 --> 00:26:27.110	오픈 아직 못 쓰겠어요.
00:26:27.120 --> 00:26:28.990	여러분들이 제가 오픈클로 실제 업무에
00:26:29.000 --> 00:26:30.430	쓰냐 이거 질문을 드려보고 싶었는데
00:26:30.440 --> 00:26:31.669	오픈 컬러를 안 쓰시기 때문에
00:26:31.679 --> 00:26:34.190	여기까지 질문을 못 드리겠는데요. 어
00:26:34.200 --> 00:26:36.310	안 못 써요. 그게 못 쓰는 이유가
00:26:36.320 --> 00:26:38.230	몇 가지가 있는데 하나는 제가 하는
00:26:38.240 --> 00:26:41.029	일이 다 문서 중심인데이 문서가 오픈
00:26:41.039 --> 00:26:43.230	클로랑 딱 연결되기가 뭔가 어려워요.
00:26:43.240 --> 00:26:44.750	저는
00:26:44.760 --> 00:26:47.110	두 번째는 오픈 컬러로 제가 많이
00:26:47.120 --> 00:26:48.630	놀아보면은
00:26:48.640 --> 00:26:51.230	얘가
00:26:51.240 --> 00:26:53.230	딱 중이에요.
00:26:53.240 --> 00:26:56.149	그러니깐 착하고 좋아요. 근데 약간
00:26:56.159 --> 00:26:58.430	unfic티브 한 거예요. 어떨 때는
00:26:58.440 --> 00:27:00.230	잘 되는데 아마 조코딩님 경험 많으시
00:27:00.240 --> 00:27:02.870	어떨 때는 뭐 말을 지지를 안들어
00:27:02.880 --> 00:27:04.789	그럼 뭐 예를 그 해야 되는데 우리
00:27:04.799 --> 00:27:06.789	업무에서 이러면 안 되거든요. 항상
00:27:06.799 --> 00:27:09.029	이게 똑같은게 반복돼야 돼요. 이게
00:27:09.039 --> 00:27:10.389	똑같은 입력을 넣으면 똑같은 입력이
00:27:10.399 --> 00:27:14.750	나와 줘야 되는데 그 어렵죠. 그리고
00:27:14.760 --> 00:27:17.190	지금은 약간 우리가 이제이 과독이기
00:27:17.200 --> 00:27:18.230	때문에 그런 거 같아요. 에이전트
00:27:18.240 --> 00:27:20.029	사실 좀 못 믿잖아요. AI를.
00:27:20.039 --> 00:27:21.430	그러니까 우리가 한번 들여다 봐야
00:27:21.440 --> 00:27:23.389	돼요. 왜 그런지. 어, 답이 노라고
00:27:23.399 --> 00:27:24.789	했어. 또는 예스라고 했어. 그럼 왜
00:27:24.799 --> 00:27:27.310	들은지 우리가 이거를 못 보면은 사실
00:27:27.320 --> 00:27:29.430	그 제품을 못 써요. 그래서 그런
00:27:29.440 --> 00:27:31.070	게가 하나 있고. 그리고 얘가 답이
00:27:31.080 --> 00:27:32.830	틀렸거나 또는 뭔가 틀렸을 때 우리가
00:27:32.840 --> 00:27:34.870	고쳐 줄 수 있어야 돼요. 이게
00:27:34.880 --> 00:27:37.669	없으면은 어 쓰는 걸 싫어해요.
00:27:37.679 --> 00:27:39.830	그래서 이걸 다 할 수 있는 것들을
00:27:39.840 --> 00:27:41.710	업스테이지에서 개발하고 있습니다.이네
00:27:41.720 --> 00:27:43.789	가지 다 가능한 걸 우리가 어 이름을
00:27:43.799 --> 00:27:45.590	좀 그 스튜디오 다 업스테이지
00:27:45.600 --> 00:27:47.149	AI라고 붙였는데 이게 앞에 앞에
00:27:47.159 --> 00:27:48.990	있는네 가지를 다 해요. 예를 들어
00:27:49.000 --> 00:27:50.789	보면은 저희들은 다 끼면 더
00:27:50.799 --> 00:27:52.950	오리엔티드예요. 저희들 그 문서에
00:27:52.960 --> 00:27:54.710	굉장히 관심 많기 때문에 문서만
00:27:54.720 --> 00:27:57.310	주세요. 그러면 뭐를 해 드리냐?
00:27:57.320 --> 00:27:58.470	우리 사람이 하는 거 비슷하죠.
00:27:58.480 --> 00:28:01.269	문서를 이해하려고 파싱하고 그다음에
00:28:01.279 --> 00:28:03.149	이게 무슨 문서야? 이게 뭐
00:28:03.159 --> 00:28:04.750	명수정이야? 뭐 약관이야? 이런 걸
00:28:04.760 --> 00:28:07.149	정리를 하고 그다음에 그 안에 정보를
00:28:07.159 --> 00:28:09.190	뽑아내고 그리고 어떤 일을 하는
00:28:09.200 --> 00:28:11.630	거이네 가지 스텝들을이 문서 중심으로
00:28:11.640 --> 00:28:15.950	할 수가 있고요. 그리고이
00:28:15.960 --> 00:28:18.269	프로덕티브를 하다는 거는 사실이
00:28:18.279 --> 00:28:20.230	프로세스를 또 회사마다 고의
00:28:20.240 --> 00:28:21.950	프로세스가 있습니다. 어떤 프로세스가
00:28:21.960 --> 00:28:24.750	있는데 그 프로세스를 우리가 뭐
00:28:24.760 --> 00:28:27.070	플로우라는 이름으로이 각각을 다
00:28:27.080 --> 00:28:28.990	넣어서 일을 진행시켜 줄 수가
00:28:29.000 --> 00:28:33.230	있어요. 이런게 이제 가능하고 그리고
00:28:33.240 --> 00:28:35.669	어 세 번째는 베리파이어빌리트라고
00:28:35.679 --> 00:28:38.590	해서 뭐 이따가 제 시을 보여 드릴
00:28:38.600 --> 00:28:43.149	텐데 뭐 이게 이제 식약처에서 그 약
00:28:43.159 --> 00:28:45.190	같은 걸 약 약을 출시를 했어요.
00:28:45.200 --> 00:28:47.310	그럼 이게 시약정에 너 시약정 기준에
00:28:47.320 --> 00:28:49.350	맞는 거야? 틀린 거야라고 판별을
00:28:49.360 --> 00:28:52.190	하는 에이전트인데 그 왜 틀린 거야?
00:28:52.200 --> 00:28:54.310	왜 맞는 거야를
00:28:54.320 --> 00:28:56.269	이렇게 이런 거 때문에 안 됐어.
00:28:56.279 --> 00:28:57.310	이런 거 때문에 안 됐어. 이렇게
00:28:57.320 --> 00:28:58.870	누르면은이
00:28:58.880 --> 00:29:01.909	거기 원래 문서에 들어가서 이게 문서
00:29:01.919 --> 00:29:03.149	몇 페이지에 있다이 정도 수신이
00:29:03.159 --> 00:29:06.669	아니라 그 블락을 태경하고 블락에
00:29:06.679 --> 00:29:08.750	있는 글씨 얘 때문에 그런 거야.
00:29:08.760 --> 00:29:10.630	라고까지 이야기를 해 줘요. 그러니까
00:29:10.640 --> 00:29:11.950	일하시는 분들 너무너무 편한 거죠.
00:29:11.960 --> 00:29:13.750	누르면 아 이거 때문에 그렇고는 그
00:29:13.760 --> 00:29:16.029	이걸 고쳐 이렇게 되는 거고요. 세
00:29:16.039 --> 00:29:17.549	번째는 이거를 저희들이 컨트롤할 수
00:29:17.559 --> 00:29:19.389	있도록 다 앞뒤로 API를 엮겨 놨기
00:29:19.399 --> 00:29:21.029	때문에 그 앞에 있는 거 뒤에 있는
00:29:21.039 --> 00:29:22.750	거 뜯어 가지고 필요한 것들을 할
00:29:22.760 --> 00:29:24.029	수가 있습니다. 그래서이네 가지
00:29:24.039 --> 00:29:27.430	기능들을 지금 만들어 두었고요.
00:29:27.440 --> 00:29:31.070	시간이
00:29:31.080 --> 00:29:33.470	많이 지났죠. 여기서 끝낼까요?
00:29:33.480 --> 00:29:38.310	아 예 보면은 아까 그 요렇게 이제
00:29:38.320 --> 00:29:40.950	프로세스를 만들어 놓고요 각각에 이제
00:29:40.960 --> 00:29:42.269	인스트럭터를 주는 거예요. 여기 이제
00:29:42.279 --> 00:29:45.350	우리 그 시약체에 있는 가이드라인을
00:29:45.360 --> 00:29:46.389	뜯어 가지고 붙여 놓은 거고요.
00:29:46.399 --> 00:29:48.310	그러면 이제 실행을 시키게 되면 어떤
00:29:48.320 --> 00:29:50.350	저 문서를 주면 문서를 읽어서 아까
00:29:50.360 --> 00:29:51.669	그 프로세를 쭉 태운 다음에 아
00:29:51.679 --> 00:29:54.669	이거는 판별 오케이 시각적 기준으로
00:29:54.679 --> 00:29:56.830	불합격입니다. 이런 거를 하고 그럼
00:29:56.840 --> 00:29:58.630	합격이면 왜 합격, 불합격이면 왜
00:29:58.640 --> 00:30:00.549	불합격 그리고 각각 정보가 어떻게
00:30:00.559 --> 00:30:02.990	뜯든지를 다 보여 줍니다.
00:30:03.000 --> 00:30:05.549	이게 절차리의 판매 중에 있는데 두
00:30:05.559 --> 00:30:08.230	번째 영상 생략할게요. 이게 이제 왜
00:30:08.240 --> 00:30:10.590	이렇게 잘되냐면은 그 안에 쓰고 있는
00:30:10.600 --> 00:30:12.190	정보를 추출하는 모델이 정확해야
00:30:12.200 --> 00:30:13.830	되거든요. 그 앞에 정보 추출이 망해
00:30:13.840 --> 00:30:16.389	버리면 뒤가 다 망하죠. 근데 그
00:30:16.399 --> 00:30:18.630	모듈이 업스테이지가 처음부터 만든
00:30:18.640 --> 00:30:20.549	건데 너무너무 잘 돼요. 그래서 이게
00:30:20.559 --> 00:30:23.350	전 세계 뭐 아마존워 마켓
00:30:23.360 --> 00:30:25.269	플레이스에서 2위를 달리고 있는
00:30:25.279 --> 00:30:27.230	굉장히 좋은 제품이기 때문에 일단 잘
00:30:27.240 --> 00:30:30.590	돼요. 그리고 여기에 그 뭐 잘되다
00:30:30.600 --> 00:30:33.029	보니까 이제 그 I 스튜디오 고객들이
00:30:33.039 --> 00:30:36.110	뭐 미국에 있는 그 이름 들어보셨을
00:30:36.120 --> 00:30:37.630	수 있는 큰 회사들에서 지금 막
00:30:37.640 --> 00:30:40.070	사용하고 있고 삼성에서는 최근에 그
00:30:40.080 --> 00:30:42.509	저희들이 공건망 그 물류 같은 거를
00:30:42.519 --> 00:30:44.549	정리하는 거에이 에이전트를 사용하고
00:30:44.559 --> 00:30:46.430	있습니다. 그리고 뭐 스테이트나
00:30:46.440 --> 00:30:48.350	무디스 같은 데서 어 신용 평가 등
00:30:48.360 --> 00:30:50.789	할 때도 이거를 지금 사용 절차니 좀
00:30:50.799 --> 00:30:52.789	사용하고 있습니다.
00:30:52.799 --> 00:30:54.870	근데 한 가지만 더 말씀드리고
00:30:54.880 --> 00:30:56.389	갈게요.
00:30:56.399 --> 00:30:58.070	그
00:30:58.080 --> 00:30:59.590	쉽잖아요. 제가 볼 때는 이거
00:30:59.600 --> 00:31:02.029	플로로만 짜면 되는데 쉬운데 현업에
00:31:02.039 --> 00:31:04.310	계신 분들은이 플로 짜는 걸를
00:31:04.320 --> 00:31:07.629	어려워해요. 아까 그 플로를 그러면은
00:31:07.639 --> 00:31:09.350	이게 무슨 일이에요? 말은 할 수
00:31:09.360 --> 00:31:11.149	있거든요. 아, 이거는 이렇게 받아
00:31:11.159 --> 00:31:13.509	가지고요. 이렇게 해서요. 이렇게 한
00:31:13.519 --> 00:31:16.149	다음에 하면 돼요라고 말은 하시는데
00:31:16.159 --> 00:31:18.669	플로를 못 자세요. 그러면 할 수
00:31:18.679 --> 00:31:19.990	있는 방법은 우리가 큰 돈을 받고
00:31:20.000 --> 00:31:21.710	들어가셔야 되거든요. 그게 힘들어
00:31:21.720 --> 00:31:24.310	가지고 우리가 만든게 그냥 말로만
00:31:24.320 --> 00:31:25.509	하면 플로를 짜 주는 것도
00:31:25.519 --> 00:31:27.110	만들었어요. 그래서 이제 뭐 플로
00:31:27.120 --> 00:31:29.629	자동화까지 할 수 있다. 그래서 뭐
00:31:29.639 --> 00:31:31.470	여러 가지 것들 저희들 하고이 실제로
00:31:31.480 --> 00:31:33.230	사업들을 또 크게 일으키고 있다는
00:31:33.240 --> 00:31:35.310	거고요. 그 마지막 이제 결론으로는
00:31:35.320 --> 00:31:37.750	그럼 어떻게 할 거냐? 저는 뭐 지금
00:31:37.760 --> 00:31:39.789	당장 여기 계신 분들부터 시작해서
00:31:39.799 --> 00:31:42.029	우리 업세 제품을 적극 도입해 달라.
00:31:42.039 --> 00:31:44.310	그 정부에서
00:31:44.320 --> 00:31:46.549	정부에서는 이제
00:31:46.559 --> 00:31:49.549	가장 어려운게 아까 그 데이터라고
00:31:49.559 --> 00:31:51.750	말했던게 뭐냐면은 어이 일을 어떤
00:31:51.760 --> 00:31:53.909	방법으로 하냐 이거예요. 예를 들면
00:31:53.919 --> 00:31:55.629	뭐 우리나라에서 각종 인허가 처리
00:31:55.639 --> 00:31:57.070	우리 대통령님께서도 말씀하셨지만
00:31:57.080 --> 00:31:58.350	인허가 처리하는데 시간이 왜 이렇게
00:31:58.360 --> 00:32:00.750	오래 걸리냐라는 말씀 주셨잖아요.
00:32:00.760 --> 00:32:02.750	그거 줄이려고 하는데 그러면이
00:32:02.760 --> 00:32:04.350	인허가가 들어오면 어떤 프로세스를
00:32:04.360 --> 00:32:06.990	하냐 이게 다를요.
00:32:07.000 --> 00:32:08.430	그래서 이런 데이터들을 좀 수집해야
00:32:08.440 --> 00:32:10.710	되는데 이런 데이터 수집하기 위해서는
00:32:10.720 --> 00:32:12.389	실제로 이제 현업에 계신 분들하고
00:32:12.399 --> 00:32:15.029	저희들이 조금 모여 가지고 그런 거를
00:32:15.039 --> 00:32:16.509	만들어 보는 경험들을 좀 할 수
00:32:16.519 --> 00:32:18.269	있도록 바로 도입을 해 주시면은
00:32:18.279 --> 00:32:20.629	저희들이 적극 참여하도록 하겠습니다.
00:32:20.639 --> 00:32:23.710	감사합니다.
00:32:23.720 --> 00:32:25.190	그 업스테이지 김성훈 대표님
00:32:25.200 --> 00:32:28.430	감사합니다. 그 김성훈 대표님은 그
00:32:28.440 --> 00:32:31.430	AI 에이전트 구연 기술과 제품
00:32:31.440 --> 00:32:34.310	그다음에 실제적인 산업 적용 사례
00:32:34.320 --> 00:32:36.230	그다음에 다양한 에이전트 운영 경험및
00:32:36.240 --> 00:32:38.389	노하우를 말씀해줬는데요. 지금도
00:32:38.399 --> 00:32:40.669	지금부터는 본격적으로 이제 간담회를
00:32:40.679 --> 00:32:45.629	진행하도록 하겠습니다.
00:32:45.639 --> 00:32:48.950	그 어떤 그 제가 사실 주제도 여기
00:32:48.960 --> 00:32:51.310	준비해서 다섯 가지 분야로 나눴는데
00:32:51.320 --> 00:32:54.430	그렇게 하다 보면 너무 그 틀에
00:32:54.440 --> 00:32:56.710	박혀서 자유로운 그 질문이 안 될 것
00:32:56.720 --> 00:33:00.509	같아서 일단 현장에 있는 분부터 그
00:33:00.519 --> 00:33:02.029	지금 오늘 발표하신 두 분의
00:33:02.039 --> 00:33:04.149	대표님한테 물어보셔도 좋고 아니면
00:33:04.159 --> 00:33:06.149	공통의 주제를 던져서 여기 계신
00:33:06.159 --> 00:33:07.710	위원님들하고 같이 토론해도
00:33:07.720 --> 00:33:10.669	좋으니까요. 그렇게 쉬다고 하는데 제
00:33:10.679 --> 00:33:12.990	생각에는 왠지 류정혜 의장님이 먼저
00:33:13.000 --> 00:33:15.070	한번 얘기를 시작해 보시면 좋을 것
00:33:15.080 --> 00:33:17.070	같습니다. 네.
00:33:17.080 --> 00:33:19.110	아, 예. 오늘 뭐 평소에도 너무
00:33:19.120 --> 00:33:22.029	이제 존경하고 또 좋아하는이 두 분이
00:33:22.039 --> 00:33:24.149	나오셔 가지고 아, 너무 흥미롭고
00:33:24.159 --> 00:33:26.430	재밌게 들었고요. 요새 지금 가장
00:33:26.440 --> 00:33:28.870	화재 프로젝트들을 하고 계신 분들을
00:33:28.880 --> 00:33:30.909	좀 너무 이제 또 잘 모셔 주셨던 거
00:33:30.919 --> 00:33:34.190	같아요. 그래서 일단 이제 제가 그
00:33:34.200 --> 00:33:36.269	오늘 이제 발표가 너무 이제 현장이랑
00:33:36.279 --> 00:33:38.950	딱 그리고 지금 가장 현재 일어나고
00:33:38.960 --> 00:33:40.310	있는 일들 좀들을 수 있어서 너무
00:33:40.320 --> 00:33:42.430	좋았는데 이제 제 고민은 좀 그런 거
00:33:42.440 --> 00:33:44.789	같아요. 그니까이 지금 이제 AI
00:33:44.799 --> 00:33:46.710	특히 에이전틱으로 가고 오픈 클로 왜
00:33:46.720 --> 00:33:48.149	안 쓰냐 막 이제 이런 얘기 하셨는데
00:33:48.159 --> 00:33:51.470	물론 보안 이슈도 있지만은 저는 지금
00:33:51.480 --> 00:33:53.549	이제 좀 가장 제가 이제 봤었을 때
00:33:53.559 --> 00:33:55.950	현장에서 보면은이
00:33:55.960 --> 00:33:58.070	우리 코딩과 이제 이런 거에 굉장히
00:33:58.080 --> 00:34:00.909	익숙한 익숙한 분들과 그다음에 넌
00:34:00.919 --> 00:34:03.149	커더들 있잖아요. 아직 지금 이제
00:34:03.159 --> 00:34:05.389	코드 세계 익숙하지 않은 굉장히 많은
00:34:05.399 --> 00:34:07.870	대다수의 분들 사이에 지금 격한
00:34:07.880 --> 00:34:09.869	접근성의 격차가 지금 많이 생기고
00:34:09.879 --> 00:34:12.109	있다는 생각이 너무 드는 거예요.
00:34:12.119 --> 00:34:13.990	그래서 이게 뭐 바이브 코딩이 됐던
00:34:14.000 --> 00:34:16.470	아니면 오픈 컬러의 접근이 됐던 이런
00:34:16.480 --> 00:34:18.629	부분들이 조금 더 대중적으로 즐겁게
00:34:18.639 --> 00:34:20.750	확산이 되려면은이
00:34:20.760 --> 00:34:23.230	훨씬 더 수많은 그러니까 제 고민의
00:34:23.240 --> 00:34:26.389	요즘 핵심은 좀 수많은이 코딩의
00:34:26.399 --> 00:34:28.109	익숙의
00:34:28.119 --> 00:34:30.230	그 어떤 리터러시를 가지지 않은
00:34:30.240 --> 00:34:33.430	분들도 이런 곳에 접근을 하려면은
00:34:33.440 --> 00:34:36.430	어떤 이제 인터페이스나를
00:34:36.440 --> 00:34:38.629	설계를 해야 될까 약간 이런 부분들이
00:34:38.639 --> 00:34:40.510	좀 되게 고민이 되고 그다음에 어떤
00:34:40.520 --> 00:34:42.510	부분들을 좀 만들어 내면 면 이런
00:34:42.520 --> 00:34:44.149	부분을 훨씬 더 좀 많은 사람들이
00:34:44.159 --> 00:34:47.109	훨씬 더 즐겁게이 기술적인 변화를
00:34:47.119 --> 00:34:48.550	즐길 수 있을까 이게 좀 되게 고민이
00:34:48.560 --> 00:34:50.710	많이 돼서 현장에서 지금 가장 많이
00:34:50.720 --> 00:34:53.510	해보고 계시니까 두 분이 이제이
00:34:53.520 --> 00:34:55.669	부분에 어떻게 좀 생각하시는지 좀
00:34:55.679 --> 00:34:57.349	답변을 좀 들고 싶어요. 그래서 아까
00:34:57.359 --> 00:34:59.550	이게 김성훈 대표님 뭐 아 성김킴
00:34:59.560 --> 00:35:01.750	대표님 저 저를 사실 AI 세계
00:35:01.760 --> 00:35:04.950	입문하게 해 주신 분이기도 한데 어
00:35:04.960 --> 00:35:07.870	그 보면은 실제로 이제 그 AI
00:35:07.880 --> 00:35:10.310	에이전트 같은 경우도 이제 성김
00:35:10.320 --> 00:35:12.150	대표님이 보시기에는 아 이런 거
00:35:12.160 --> 00:35:14.150	이렇게 요렇게 하면 너무나 쉬운데
00:35:14.160 --> 00:35:15.310	이렇게 어 이렇게 보니까 너무
00:35:15.320 --> 00:35:17.870	재밌어요 막 이런데 이게 다른
00:35:17.880 --> 00:35:20.670	분들한테 이렇게 코딩에 익숙하지 않은
00:35:20.680 --> 00:35:23.109	분들한테 사실 접근하는데 굉장히 좀
00:35:23.119 --> 00:35:25.870	어려 쉽지 않거든요. 그래서 이런
00:35:25.880 --> 00:35:27.829	부분을 저희가 더 좀 쉽게 하기
00:35:27.839 --> 00:35:30.270	위해서는 뭐가 필요할까? 그리고
00:35:30.280 --> 00:35:31.829	저희가 어떤 부분을 좀 지원하면
00:35:31.839 --> 00:35:34.069	될까? 이게 좀 많이 고민이 됩니다.
00:35:34.079 --> 00:35:36.430	&gt;&gt; 제가 먼저 좀 답변을 드리면은 그
00:35:36.440 --> 00:35:39.829	조코딩 유튜브를 구독하시면 되고요.
00:35:39.839 --> 00:35:42.430	좋은 설명을 많이 가지고
00:35:42.440 --> 00:35:44.310	&gt;&gt; 여기 계셨다 계시기 때문에 말씀드리는
00:35:44.320 --> 00:35:44.950	건 아닙니다.
00:35:44.960 --> 00:35:48.190	&gt;&gt; 아 알죠. 알죠. 그 제가 볼 때는
00:35:48.200 --> 00:35:51.150	뭐 이거를 그냥 그 옛날이랑 많이
00:35:51.160 --> 00:35:53.550	달라졌어요. 옛날에는 저는 뭐 코딩
00:35:53.560 --> 00:35:55.589	교육을 해야 된다라고 주장하는 지금도
00:35:55.599 --> 00:35:57.790	뭐 하는데 그래서 코딩을 꼭 배워라
00:35:57.800 --> 00:36:00.390	그렇게 했는데 사실 이게 뭐 파이썬
00:36:00.400 --> 00:36:01.870	정도는 배워라 했는데 허이 좀
00:36:01.880 --> 00:36:04.390	있어요. 사실 코딩은 근데 지금은
00:36:04.400 --> 00:36:06.069	허이 훨씬 낫거든요.
00:36:06.079 --> 00:36:07.030	&gt;&gt; 많이 좋아졌죠?
00:36:07.040 --> 00:36:08.390	&gt;&gt; 네. 근데 이게 왜 그런에도
00:36:08.400 --> 00:36:10.910	허드리냐면은 안 해봤다는 생각이 한번
00:36:10.920 --> 00:36:12.670	해 보면 돼요. 그래서 아까 그
00:36:12.680 --> 00:36:15.230	해커톤 이야기 같은 걸 하셨는데 저는
00:36:15.240 --> 00:36:17.309	뭐 약간 제한 뭐 청문으로
00:36:17.319 --> 00:36:19.750	말씀드리면은 아예 공무원들 중에
00:36:19.760 --> 00:36:21.910	에이전트에 관심이 많으신 전체
00:36:21.920 --> 00:36:24.550	공무원들 한번 모셔 가지고 본인들이
00:36:24.560 --> 00:36:27.309	하는 업무를 바이브 코딩이나
00:36:27.319 --> 00:36:27.910	&gt;&gt; 음
00:36:27.920 --> 00:36:29.710	&gt;&gt; 또는 에이전티 코딩으로 한번 만들어
00:36:29.720 --> 00:36:31.910	보는 이벤트 같은 걸 한번 하고 나면
00:36:31.920 --> 00:36:33.150	너무나 바뀔 것 같아요. 지금 우리
00:36:33.160 --> 00:36:34.470	차가님 한 분 중에 지금 바이브
00:36:34.480 --> 00:36:37.030	코딩으로 뭔가를 계속 만들어 내시는
00:36:37.040 --> 00:36:38.710	차가님 한 분 계시잖아요.
00:36:38.720 --> 00:36:41.589	&gt;&gt; 그게 그렇게 어렵잖아요. 그래서 한번
00:36:41.599 --> 00:36:43.630	그런 경험만 하시면은 저는 빨리 오실
00:36:43.640 --> 00:36:45.030	수 있을 것 같아요.이 세계를.
00:36:45.040 --> 00:36:47.109	&gt;&gt; 이제는 사실 진짜 쉬워졌습니다.
00:36:47.119 --> 00:36:49.150	예전에는 막 그래도 명령어도 입력하고
00:36:49.160 --> 00:36:50.990	막 이런 복잡한 과정이 있 있어야
00:36:51.000 --> 00:36:52.710	됐는데 요즘에는 뭐 코덱스,
00:36:52.720 --> 00:36:54.710	클로드코드 이런 것도 아예 데스크탑에
00:36:54.720 --> 00:36:56.710	설치해서 쓰는 것도 있고 아니면 웹
00:36:56.720 --> 00:36:58.829	브라우저 내에서 그냥 로그인만 하고
00:36:58.839 --> 00:37:01.150	뭐 만들어도 만들어 주는 네. 그런
00:37:01.160 --> 00:37:03.309	수준까지 왔기 때문에 사실 이제 진짜
00:37:03.319 --> 00:37:05.150	경험을 하는게 되게 중요하다고 생각이
00:37:05.160 --> 00:37:06.710	들고요. 그래서 대표적으로 좀
00:37:06.720 --> 00:37:09.030	생각나는 사례 중에 최근에 중국에서
00:37:09.040 --> 00:37:12.270	10텐센트라는 그 테크 기업에서 아예
00:37:12.280 --> 00:37:14.550	좀 대중들 상대로 그냥 이벤트를
00:37:14.560 --> 00:37:17.309	열어서 그 오픈 클로를 같이 경험해
00:37:17.319 --> 00:37:18.710	볼 수 있게 하는 그 이벤트가
00:37:18.720 --> 00:37:20.190	있었습니다. 그래서 그 기사에서
00:37:20.200 --> 00:37:22.790	봤었는데 그 막 어린애부터 막 몇
00:37:22.800 --> 00:37:25.349	되게 두 살부터 60세까지 참여했다
00:37:25.359 --> 00:37:26.910	뭐 이런 기사가 나 가지고 되게
00:37:26.920 --> 00:37:28.589	인상적으로 봤었습니다. 그데 사실
00:37:28.599 --> 00:37:30.630	이제 이거는 되게 간단하고
00:37:30.640 --> 00:37:33.430	직관적이어서 경험하기가 쉬운데 사실
00:37:33.440 --> 00:37:35.349	좀 막연한 두려움 때문에 접근을 못
00:37:35.359 --> 00:37:37.670	하는 것도 있는 거 같거든요. 그래서
00:37:37.680 --> 00:37:40.109	그런 어떤 뭐 10센트의 사례가 좀
00:37:40.119 --> 00:37:42.109	생각이 났는데 이런 이벤트 해커톤이
00:37:42.119 --> 00:37:44.470	됐든 아니면 간단하게 경험을 해서
00:37:44.480 --> 00:37:46.390	체험하는 이벤트가 됐든데 요런 걸
00:37:46.400 --> 00:37:48.950	열어서 한번 경험하면 실제로 제가
00:37:48.960 --> 00:37:51.150	AX 관련해서 이제 여러 기업들
00:37:51.160 --> 00:37:53.550	대표님들을 좀 만나뵙고 있는데 그때
00:37:53.560 --> 00:37:56.150	대표님이 만약에 클로드 코드나 뭘 한
00:37:56.160 --> 00:37:58.349	번이라도 좀 써보고 업무에 한번 써
00:37:58.359 --> 00:38:00.150	보신 분들은 확실히 보는 시야가
00:38:00.160 --> 00:38:02.069	달라지십니다. 그래서 어 이거 AX
00:38:02.079 --> 00:38:04.390	무조건 해야겠다라고 생각이 드셔서 막
00:38:04.400 --> 00:38:06.470	그 교육도 일부러 이제 직원분들도
00:38:06.480 --> 00:38:08.510	시키시고 하는데 이제 한번 경험해
00:38:08.520 --> 00:38:10.190	보시면은 이제 아 여기가 어디까지
00:38:10.200 --> 00:38:12.230	발전했다라는 걸 좀 느껴 보실 수가
00:38:12.240 --> 00:38:13.630	있을 것 같습니다.이어서
00:38:13.640 --> 00:38:17.550	&gt;&gt; 우리 최제식 교수님.
00:38:17.560 --> 00:38:21.470	&gt;&gt; 네. 어, 저도 이제 말씀 주신 거
00:38:21.480 --> 00:38:24.990	잘 들었습니다. 그 사실 이제 AI
00:38:25.000 --> 00:38:28.630	에이전트는 우리가 특히 AI 시대에서
00:38:28.640 --> 00:38:31.510	정말 잘 투자하고 진행해야 되는 산업
00:38:31.520 --> 00:38:33.190	분야라고 생각하는데요. 뭐 예를
00:38:33.200 --> 00:38:36.470	들면은 조동군 크리에이터님의
00:38:36.480 --> 00:38:38.870	그 유튜브 위에 컨텐츠라고 하면
00:38:38.880 --> 00:38:41.870	유튜브는 사실은 이제 미국에 뭐 이제
00:38:41.880 --> 00:38:43.950	외국에 인프라지만 그 안에 사람들이
00:38:43.960 --> 00:38:46.230	우리가 열심히 뭐 광고도 하면서
00:38:46.240 --> 00:38:48.790	컨텐츠도 보면서 배우는 이런 것처럼
00:38:48.800 --> 00:38:50.670	LLM 시대에도 우리가 이제 미국
00:38:50.680 --> 00:38:53.150	외국거를 많이 쓰지만 사실은 그 위에
00:38:53.160 --> 00:38:55.069	AI 에이전트로 새로운 생태계와
00:38:55.079 --> 00:38:58.150	시장과 그리고 개발과 뭐 여러 생태계
00:38:58.160 --> 00:38:59.670	만들 수 있는 기회라고 생각이
00:38:59.680 --> 00:39:02.670	들거든요. 그래서 저는 두 분께 이제
00:39:02.680 --> 00:39:05.150	우리가 이제 LLM은 조금 뒤쳐졌고
00:39:05.160 --> 00:39:07.150	계속 이제 독판으로 따라가고 있지만
00:39:07.160 --> 00:39:09.309	AI 에이전트는 굳이 밀릴 필요는
00:39:09.319 --> 00:39:11.870	없다. 근데 그러면 어느 분야를
00:39:11.880 --> 00:39:14.870	어떻게 기술 개발해서 시장을 만들고
00:39:14.880 --> 00:39:16.589	우리가 선점을 하거나 진출하는게
00:39:16.599 --> 00:39:18.470	좋을까라는 질문을 드리고 싶어요.
00:39:18.480 --> 00:39:21.309	사실은 그래서 제가 전에 이제 조동
00:39:21.319 --> 00:39:24.230	대표님께 여쭤봤을 때 지금 그전까지는
00:39:24.240 --> 00:39:26.550	이제 결제랑 코딩 시장이 제일 많이
00:39:26.560 --> 00:39:29.190	큰다고 말씀을 주셨는데 혹시 지금
00:39:29.200 --> 00:39:31.430	만약에 한다면 계속 더 커지는 다른
00:39:31.440 --> 00:39:34.390	시장이 있을지 좀 여쭤보고 싶고 또
00:39:34.400 --> 00:39:37.270	하나는 그 그 분야 중에서도 어찌
00:39:37.280 --> 00:39:39.550	보면 활용회를 위한 생태가 있을 거
00:39:39.560 --> 00:39:41.870	같고 또 연구 개발을 위한 생태가
00:39:41.880 --> 00:39:42.750	있을 것 같아요. 아까 이제
00:39:42.760 --> 00:39:44.270	업스테이지도이 이런 거 개발하고
00:39:44.280 --> 00:39:46.349	계시다고 말씀드렸는데
00:39:46.359 --> 00:39:48.470	어떤 분야에 주목해서 우리가 집중해
00:39:48.480 --> 00:39:50.790	가지고 투자하면서 생태를 키우면
00:39:50.800 --> 00:39:54.030	좋을지 자유롭게 좀 의견 주시면 좋을
00:39:54.040 --> 00:39:54.870	것 같습니다.
00:39:54.880 --> 00:39:56.270	&gt;&gt; 음.
00:39:56.280 --> 00:39:58.069	말씀하신 것처럼 이제 AI 에이전트는
00:39:58.079 --> 00:40:00.790	사실 그 설계하는 영역이라서 뭐
00:40:00.800 --> 00:40:02.190	모델은 GPU도 많이 필요하고
00:40:02.200 --> 00:40:04.910	데이터도 많이 필요하고 하지만 어 그
00:40:04.920 --> 00:40:06.750	진짜 충분히 AI 에이전트는
00:40:06.760 --> 00:40:08.670	우리나라가 앞서갈 수 있다라고 생각이
00:40:08.680 --> 00:40:11.230	들고요. 좀 가장 좀 밀뤄야 될
00:40:11.240 --> 00:40:13.230	사례를 생각해 보면 일단 그때
00:40:13.240 --> 00:40:16.710	말씀드린 어떤 내용들은 어 그냥 어떤
00:40:16.720 --> 00:40:18.670	개인이 창업을 한다라고 했을 때 좀
00:40:18.680 --> 00:40:21.270	가장이 수익성이 높은 분야에 대해서
00:40:21.280 --> 00:40:23.710	좀 소개를 드리면서 언급을 드렸었는데
00:40:23.720 --> 00:40:25.550	아무래도 그 가장 많이 토큰이
00:40:25.560 --> 00:40:28.430	소모되는 분야 그쪽 가장 그 많이
00:40:28.440 --> 00:40:30.190	쓰는 분야가 이제 바이브 코딩 쪽이
00:40:30.200 --> 00:40:32.470	워낙 이제 토큰을 많이 소모하면서
00:40:32.480 --> 00:40:34.589	작업을 처리하는게 되게 핫해 가지고
00:40:34.599 --> 00:40:38.670	소개를 드렸었고 그리고 그
00:40:38.680 --> 00:40:40.150	시장 중에 중에는 AI 컴패니언
00:40:40.160 --> 00:40:42.790	시장이라고 이제 그 AI 친구, AI
00:40:42.800 --> 00:40:44.349	뭐 여자친구, 남친 이렇게 만들어서
00:40:44.359 --> 00:40:46.309	쓰는 시장도 되게 실제로 뭐 지부
00:40:46.319 --> 00:40:48.190	의사도 높아서 이렇게 많이 사용되고
00:40:48.200 --> 00:40:50.270	있다라는 그런 것도 좀 소개를
00:40:50.280 --> 00:40:53.349	드렸었는데 사실 뭔가 진짜 생산성
00:40:53.359 --> 00:40:55.910	측면에서 본다면은 요즘에 제가 좀
00:40:55.920 --> 00:40:57.829	집중하고 있는 건 아무래도 이제
00:40:57.839 --> 00:41:00.390	기업에서 실제로 업무를 이제 AI
00:41:00.400 --> 00:41:02.030	에이전트를 시키게 되면 되게 많은
00:41:02.040 --> 00:41:04.550	부분들을 자동화도 실제로 진행할 수
00:41:04.560 --> 00:41:06.470	있을 정도로 많이 올라왔거든요.
00:41:06.480 --> 00:41:09.230	그래서 그런 쪽이 아무래도 강화를
00:41:09.240 --> 00:41:11.510	할수록 되게 생산성 자체가 많이
00:41:11.520 --> 00:41:14.470	올라가고 이제 진짜 그 산업 자체가
00:41:14.480 --> 00:41:16.829	빠르게 발전할 수 있는거다 보니까
00:41:16.839 --> 00:41:19.589	이제 기업들의 내부 업무들을 그
00:41:19.599 --> 00:41:22.190	AX를 통해서 하나씩 AI 에트 화를
00:41:22.200 --> 00:41:25.030	하는 작업들을 수행하면은 그게 가장
00:41:25.040 --> 00:41:27.069	뭔가 되게 생산성이 높은 방향이지
00:41:27.079 --> 00:41:29.309	않을까 생각이 듭니다.
00:41:29.319 --> 00:41:31.470	너무 좋은 말씀이고
00:41:31.480 --> 00:41:36.829	그 저는 이제이 오픈 클로의 그
00:41:36.839 --> 00:41:38.990	어떻게 보면은
00:41:39.000 --> 00:41:41.470	어 탄생이 좀 주목할 필요가 있을 것
00:41:41.480 --> 00:41:45.150	같아요. 그 아까도 아까 뭐 잠깐 뭐
00:41:45.160 --> 00:41:47.390	구조를 좀 보여 주셨지만 오픈 클로
00:41:47.400 --> 00:41:49.109	안에 뭐 핵심되는 구조가 이제
00:41:49.119 --> 00:41:52.030	메모리라는게 있고 또 솔이라는게 있고
00:41:52.040 --> 00:41:54.510	MD MD로 다 기록이 돼요. 그리고
00:41:54.520 --> 00:41:57.109	매일매일 어 자기가 하는
00:41:57.119 --> 00:41:58.630	행동들을 이렇게 적는 날짜별로
00:41:58.640 --> 00:42:00.790	메모리를 적는 이런 구조가 있는데
00:42:00.800 --> 00:42:02.349	이거는 아까 뭐 교수님 말씀 주신
00:42:02.359 --> 00:42:03.950	것처럼 이거는 lm 기술 이런게
00:42:03.960 --> 00:42:06.109	아니고 어떻게 보면 저는 약간 이게
00:42:06.119 --> 00:42:08.470	컨텐트에 가깝다고 생각되거든요.
00:42:08.480 --> 00:42:11.430	그러니까이 AI를 어떻게 활용하나
00:42:11.440 --> 00:42:13.430	하는 컨텐트예요. 근데 우리나라가
00:42:13.440 --> 00:42:15.950	사실 컨텐트는 엄청 잘하잖아요.
00:42:15.960 --> 00:42:18.630	그래서 이제 뭐 우리
00:42:18.640 --> 00:42:22.270	어 뭐 부사장님 같이 컨텐츠에 이해가
00:42:22.280 --> 00:42:24.670	굉장히 깊으신 분들이 저는 에이전트
00:42:24.680 --> 00:42:26.990	세계로 좀 들어와서 그 만들면 저는
00:42:27.000 --> 00:42:29.790	오픈 클로 2쓰3 되는 훨씬 더 그
00:42:29.800 --> 00:42:31.670	컨텐트적으로 우리 사람 마음을 잘
00:42:31.680 --> 00:42:33.630	이해하는 그런 것들을 저는 만들 수
00:42:33.640 --> 00:42:34.870	있을 거라는 생각이 좀 들어요.
00:42:34.880 --> 00:42:36.510	그래서 컨텐트의 조합 뭐 그런 거 좀
00:42:36.520 --> 00:42:39.470	생각했고요. 그리고 아까 그 내부
00:42:39.480 --> 00:42:41.309	업무를 좀 들어가서 액 색션해야
00:42:41.319 --> 00:42:43.910	된다는 거 너무 공감을 하는데 저는
00:42:43.920 --> 00:42:47.270	이제 해톤을 꼭 해 보고 싶은 이유가
00:42:47.280 --> 00:42:48.950	저 이제 바이버 코딩이라든지 이런
00:42:48.960 --> 00:42:50.430	거는 제가 알려 드릴 수 있어요.
00:42:50.440 --> 00:42:51.990	근데 모르는 건 뭐냐면이 업무를
00:42:52.000 --> 00:42:53.510	어떻게 하는 거야 이건 전혀
00:42:53.520 --> 00:42:55.630	모르거든요. 근데 이제 그분들이 와서
00:42:55.640 --> 00:42:57.589	실질적으로 내가 이렇게 업무를 하는
00:42:57.599 --> 00:42:59.910	거야라는 거를 뭔가 코딩화 또 바이브
00:42:59.920 --> 00:43:01.750	코딩와 에이전트화를 한다면 그게
00:43:01.760 --> 00:43:03.670	노하고와 쌓이는 거거든요. 그럼 그런
00:43:03.680 --> 00:43:05.910	컨텐트들이 모여 가지고 다른 회사
00:43:05.920 --> 00:43:07.549	다른 회사를 빠르게 빠르게 접목할 수
00:43:07.559 --> 00:43:08.549	있을 것 같습니다. 그래서 그 두
00:43:08.559 --> 00:43:09.950	가지를 저는 좀 제한 내려보고
00:43:09.960 --> 00:43:14.069	싶습니다. 그 제가 조금 방향을 좀
00:43:14.079 --> 00:43:16.270	조금 좀 틀어서 말씀드리고 싶은게
00:43:16.280 --> 00:43:18.990	저희가 이제 산업 AX 생태의
00:43:19.000 --> 00:43:21.390	분가잖아요. 그러니까 지금 일반
00:43:21.400 --> 00:43:24.710	B2C에서 오픈 크로를 써서 그런
00:43:24.720 --> 00:43:27.510	것도 중요한데 예를 들면 우리나라에는
00:43:27.520 --> 00:43:30.109	그러면 오픈크로 같은 회사가 어떻게
00:43:30.119 --> 00:43:32.309	하면 나오 나올 수 있는지 그리고
00:43:32.319 --> 00:43:35.390	제가 좀 배경 설명을 하면 저도 지금
00:43:35.400 --> 00:43:37.950	뭐 그 AI에서 대표를 하고 있어서
00:43:37.960 --> 00:43:40.710	그런데 얼마나 빠르게 변하고 있냐면
00:43:40.720 --> 00:43:44.109	과거에는 이런 개발 업체들이 뭐
00:43:44.119 --> 00:43:47.950	그룹에 ERP 그다음에 뭐 저 고객
00:43:47.960 --> 00:43:50.990	CRM 뭐 이런 패키지들을 고객사한테
00:43:51.000 --> 00:43:53.710	납품했잖아요. 근데 이제 고격사들은
00:43:53.720 --> 00:43:55.109	이제 그렇게는 이제 안 쓰려는
00:43:55.119 --> 00:43:57.150	거예요. 예를 들면 쓰지도 않는 메뉴
00:43:57.160 --> 00:43:59.670	잔뜩 있는 거를 전체를 사서 비싼
00:43:59.680 --> 00:44:02.790	가격에 쓰지 않고 내가 직접 필요한
00:44:02.800 --> 00:44:05.270	언어 모델형 오픈 클로우 형태든지
00:44:05.280 --> 00:44:07.790	언어 모델로 필요한 걸 요청하면
00:44:07.800 --> 00:44:10.069	전체를 알아서 답변하는 형태로
00:44:10.079 --> 00:44:12.109	발전하고 있잖아요. 그랬을 때이
00:44:12.119 --> 00:44:15.870	영역의 산업별 특화나 아니면 그
00:44:15.880 --> 00:44:18.790	패키지 대신에 공급 기업이 아니 수요
00:44:18.800 --> 00:44:21.030	입장에서 필요한 것들을 어떻게
00:44:21.040 --> 00:44:23.190	산업화로 만들어서 그게 수출 산업으로
00:44:23.200 --> 00:44:25.390	되느냐가 사실 저희 분가의
00:44:25.400 --> 00:44:27.230	목표거든요. 그래서 약간 이제
00:44:27.240 --> 00:44:28.750	일반인보다는
00:44:28.760 --> 00:44:31.190	그러니까 산업으로 이거를 만들려면 그
00:44:31.200 --> 00:44:34.630	산업의 기업으로 그러니까 산업의 AI
00:44:34.640 --> 00:44:37.549	기업으로 만들려면 어떻게 하느냐에
00:44:37.559 --> 00:44:40.150	대해서 조금 이동해서 질문을 해
00:44:40.160 --> 00:44:43.910	줬으면 좋을 것 같은데 예 이거냥
00:44:43.920 --> 00:44:46.390	&gt;&gt; 오늘 너무 좋은 설명 감사드리고요.
00:44:46.400 --> 00:44:48.510	저는 이제이 산업에서 요새 이제 아까
00:44:48.520 --> 00:44:51.270	말씀하신 AX를 통해서 에이전트를
00:44:51.280 --> 00:44:53.670	어떻게 적용해야 되는지에 대한 걸
00:44:53.680 --> 00:44:56.270	현장에서 많이 느끼고 있는데 최근에
00:44:56.280 --> 00:44:58.790	제가 받은 CEO들한테 받은 많은
00:44:58.800 --> 00:45:02.870	질문이 뭐냐면 어 AI AI 에이전트
00:45:02.880 --> 00:45:04.910	투자해야 되겠다에 대해서는 부인한
00:45:04.920 --> 00:45:06.950	사람이 아무도 없는데 어 이거 지금
00:45:06.960 --> 00:45:09.710	해야 돼라는 생각을 해요. 왜냐하면
00:45:09.720 --> 00:45:12.870	어 이거 내년 가면은 훨씬 더 좋은게
00:45:12.880 --> 00:45:15.030	나올 거 같은데 이게 그냥 내가 한번
00:45:15.040 --> 00:45:16.790	쓰는 거는 괜찮아요. 뭐 한번 써
00:45:16.800 --> 00:45:18.190	보고 계속 업그레이드 하는데
00:45:18.200 --> 00:45:20.950	엔터프라이즈로 내가 큰 돈을 투자를
00:45:20.960 --> 00:45:24.150	해야 되는 상황에서 그런 지금 시행
00:45:24.160 --> 00:45:27.109	착오들을 겪었어요. 처음 LM 나와서
00:45:27.119 --> 00:45:29.349	초기에 투자했던 회사들이 지금
00:45:29.359 --> 00:45:31.230	에이전트가 나오면서 다시 재투자를
00:45:31.240 --> 00:45:33.750	해야 되고 그리고 또 지금 투자하려고
00:45:33.760 --> 00:45:36.190	하는 CEO들은 이걸 내가 지금 해야
00:45:36.200 --> 00:45:38.309	돼 하는 요런 질문들을 하더라고요.
00:45:38.319 --> 00:45:40.510	그래서 사실 이제 그 질문에 대한
00:45:40.520 --> 00:45:42.829	대답은 계속 따라가셔야 됩니다라고 할
00:45:42.839 --> 00:45:45.390	수밖에 없는데 요런 것들에 대해서
00:45:45.400 --> 00:45:47.309	저희가 어떤
00:45:47.319 --> 00:45:49.950	어프로치를 해야지 될까? 그게 돼야지
00:45:49.960 --> 00:45:52.470	아마 기업들이 과감하게 이런 기술이나
00:45:52.480 --> 00:45:55.190	이런 부분들에 적극적으로 동참하실 수
00:45:55.200 --> 00:45:58.230	있을 것 같아서 그런 질문들 한번
00:45:58.240 --> 00:46:00.150	드려 봅니다. 어 제 개인적인
00:46:00.160 --> 00:46:03.030	생각에는 지금 시기가 일단 앞으로
00:46:03.040 --> 00:46:05.190	당에 더 좋아질 거는 명확하긴 한데
00:46:05.200 --> 00:46:07.430	지금 어느 정도 그 혼돈의 시계를
00:46:07.440 --> 00:46:09.670	거쳐서 체계가 좀 잡혔다고 생각이
00:46:09.680 --> 00:46:11.349	들거든요. 그래서 어 바이브 코딩
00:46:11.359 --> 00:46:12.870	이런 것도 이제 어느 정도
00:46:12.880 --> 00:46:14.870	에이전틱하게 돌아가게 돼서 이제는
00:46:14.880 --> 00:46:16.910	그냥 사람의 명령어도 충분히 그냥
00:46:16.920 --> 00:46:19.309	알아듣는 수준까지 왔기 때문에 사실
00:46:19.319 --> 00:46:21.390	이게 더 좋아지면 이제 그걸 좀 더
00:46:21.400 --> 00:46:23.790	잘한다일 뿐이지 이제 각 AX를
00:46:23.800 --> 00:46:25.950	한다라고 하면은 제 생각에 이제 거기
00:46:25.960 --> 00:46:28.750	계신 직원분들이 다 그런 그렇게 뭔가
00:46:28.760 --> 00:46:30.430	바이브 코딩해서 뭘 만들 줄 아는
00:46:30.440 --> 00:46:32.870	역량을 갖춰 놓게 되면 이제 AI가
00:46:32.880 --> 00:46:35.069	발전하면은 사실 어 나중에 도입하는
00:46:35.079 --> 00:46:36.670	거와 지금 도입하는 거의 차이 봤을
00:46:36.680 --> 00:46:39.750	때 AI가 더 좋아져서 이제 더 잘한
00:46:39.760 --> 00:46:42.270	한다의 그 차이일 뿐이지 사실 지금
00:46:42.280 --> 00:46:44.549	그 개념적인 거와 내 업무를 이제
00:46:44.559 --> 00:46:47.309	바꾸는 거를 지금이라도 배워 두시면은
00:46:47.319 --> 00:46:50.430	사실 크게 다르지 않게 지금은 어느
00:46:50.440 --> 00:46:52.109	정도 체계는 잡힌 거 같습니다. 물론
00:46:52.119 --> 00:46:54.910	모델은 더 좋아지겠지만 뭐이 체계가
00:46:54.920 --> 00:46:56.870	완전 흔들릴 정도로 뭔가 나올 수도
00:46:56.880 --> 00:46:59.510	있지만 아직까지는 네. 그렇게 지금
00:46:59.520 --> 00:47:01.589	배우셔도 충분히 좋은 시점이다라고
00:47:01.599 --> 00:47:04.230	저는 개인적으로 생각합니다.
00:47:04.240 --> 00:47:07.309	저도 사실 답변과 그 이건영 의원님
00:47:07.319 --> 00:47:09.510	말씀 주신 부분에 답변과 질문을 좀
00:47:09.520 --> 00:47:11.470	드리고 싶은데요. 저 뭐 조 대표님
00:47:11.480 --> 00:47:13.150	말씀하신 부분에 대해서 저도 공감을
00:47:13.160 --> 00:47:15.950	하고 결국은 AI가 물론 당연히 더
00:47:15.960 --> 00:47:17.470	지금 굉장히 혁신적으로 빠르게
00:47:17.480 --> 00:47:19.549	발전하고 있는데 도입 시점이 훨씬 더
00:47:19.559 --> 00:47:21.510	중요하다고 생각합니다. 빠르게 도입한
00:47:21.520 --> 00:47:23.349	기업일수록 훨씬 더 혁신을 빨리 할
00:47:23.359 --> 00:47:25.990	수 있다라고 생각하기 때문에 오히려
00:47:26.000 --> 00:47:28.349	더 늦으면 늦을수록 그 회사의 혁신이
00:47:28.359 --> 00:47:29.829	늦어지기 때문에 도퇴될 수밖에
00:47:29.839 --> 00:47:31.630	없다라고 생각을 하거든요. 그래서
00:47:31.640 --> 00:47:33.470	그런 관점에서 생각해 보는게 더 맞지
00:47:33.480 --> 00:47:35.829	않을까 이렇게 생각을 들고 아까
00:47:35.839 --> 00:47:38.150	위원장님 말씀하신 부분처럼 저도 하나
00:47:38.160 --> 00:47:40.109	질문을 추가적으로 드리면 오늘 두
00:47:40.119 --> 00:47:42.510	분께서 발표 저도 잘 들었는데 두 분
00:47:42.520 --> 00:47:45.549	말 발표 주신 부분을 보면은 결국
00:47:45.559 --> 00:47:47.790	주로 이제 업무 효율화라는 부분에서의
00:47:47.800 --> 00:47:49.990	에이전틱 AI에 대해서 좀 포커스해서
00:47:50.000 --> 00:47:52.030	좀 많이 말씀을 주신 거 같은데 이게
00:47:52.040 --> 00:47:54.430	버티컬로 더 확장해 가지고 더
00:47:54.440 --> 00:47:56.549	발전해서 실제 버티컬에서 더 효과를
00:47:56.559 --> 00:47:58.870	잘 내기 위해서는 어떤 부분이 핵심
00:47:58.880 --> 00:48:01.790	요소가 될 수 있을지 그리고 결국은
00:48:01.800 --> 00:48:04.589	에이전틱 AI 시대 에이전틱 AI가
00:48:04.599 --> 00:48:06.470	결국 여기에 물리 세계를 이해하게
00:48:06.480 --> 00:48:08.549	되면 피지컬 AI로 발전하게 되고
00:48:08.559 --> 00:48:10.589	이게 결국은 아티피셜 제럴리전스로
00:48:10.599 --> 00:48:13.390	가는 그 과정이 될 텐데 그 과정에서
00:48:13.400 --> 00:48:15.910	피지컬 AI로 넘어갈 수 있는 가장
00:48:15.920 --> 00:48:17.829	어
00:48:17.839 --> 00:48:19.750	또 키 요소는 뭐가 될지 그런
00:48:19.760 --> 00:48:21.390	부분들에 대해서 좀 궁금해서 질문
00:48:21.400 --> 00:48:22.950	한번 드리고 싶습니다.
00:48:22.960 --> 00:48:25.230	&gt;&gt; 뭐 아주 좋은 질문인데요. 그 질문
00:48:25.240 --> 00:48:27.670	전에 제가 우리 LG AI 연권하고
00:48:27.680 --> 00:48:30.390	업스테이지에 그래도 좀 핫하게 하나
00:48:30.400 --> 00:48:32.589	물어볼게요. 지금 이제 도파모델을
00:48:32.599 --> 00:48:35.670	이제 좁혀서 가정인데 이제 두 회사가
00:48:35.680 --> 00:48:37.630	됐다고 한번 생각해 봅시다. 근데
00:48:37.640 --> 00:48:40.030	그럼 두 회사는 오픈 크로 같은
00:48:40.040 --> 00:48:43.150	부분을 어떻게 하실 거예요?
00:48:43.160 --> 00:48:46.150	예를 들면 그거를 그냥 외산을
00:48:46.160 --> 00:48:47.870	그 파운데이션 모델만 바꿔서
00:48:47.880 --> 00:48:49.950	적용시킨다. 아니면 오픈크로 같은
00:48:49.960 --> 00:48:52.390	거를 지금 컨소시엄의 한 업체로부터
00:48:52.400 --> 00:48:55.430	만들게 한다. 또는 산업력으로 쪼개서
00:48:55.440 --> 00:48:57.870	뭐 제조업은 어떤 방식으로 쓰고 뭐
00:48:57.880 --> 00:48:59.589	이렇게 해 가지고 파운데이션 모델를
00:48:59.599 --> 00:49:01.670	붙인다. 어떻게 하실 생각입니까?
00:49:01.680 --> 00:49:04.549	너무 좀 센 질문인데.
00:49:04.559 --> 00:49:08.710	저는 그 오늘 그 모두의 AI라고
00:49:08.720 --> 00:49:11.109	이제 정부에서 준비하는 그런 전국민
00:49:11.119 --> 00:49:13.549	접근성이라는 관점에서 봤을 때 지금
00:49:13.559 --> 00:49:15.630	준비하는 부분들은 어떻게 보면은 체포
00:49:15.640 --> 00:49:18.230	체포 중심으로 해서 정국민이 소해됨이
00:49:18.240 --> 00:49:19.870	없이 많이 쓸 수 있는 그런
00:49:19.880 --> 00:49:22.390	환경으로에 대해서 정부가 정책적으로
00:49:22.400 --> 00:49:25.349	많은 부분은 하고 있지만 이런 그런
00:49:25.359 --> 00:49:27.230	에이전틱 AI에 대한 부분들은 조금
00:49:27.240 --> 00:49:29.069	부족하다고 생각합니다. 오히려 모두의
00:49:29.079 --> 00:49:31.150	AI가 전국민이 이런 식으로도 발전할
00:49:31.160 --> 00:49:33.630	수 있게 그 독파모를 통해 가지고
00:49:33.640 --> 00:49:34.990	이런 부분 많이 해야 된다라고
00:49:35.000 --> 00:49:38.190	생각하고 저희 LG도
00:49:38.200 --> 00:49:40.230	LG도 이제 독파모 컨소시엄 기업들이
00:49:40.240 --> 00:49:42.390	있습니다. 독 독파모 컨서시엄
00:49:42.400 --> 00:49:44.910	기업들과 함께 이런 부분들의 클러와
00:49:44.920 --> 00:49:47.030	같은 이런 에이진틱 AI 그
00:49:47.040 --> 00:49:49.069	파이프라인을 잘 만들고 프레임을
00:49:49.079 --> 00:49:51.230	만들어서 외부 사업화에 잘 활용할 수
00:49:51.240 --> 00:49:53.430	있게 공급할 수 있고 또 국민들이
00:49:53.440 --> 00:49:54.990	활용할 수 있는 그런 부분들에 대해서
00:49:55.000 --> 00:49:57.589	고민을 많이 하하고 있는 상황
00:49:57.599 --> 00:49:59.030	&gt;&gt; 저희들은 지금 내부에서 만들고
00:49:59.040 --> 00:50:01.109	있습니다. 아까 그 보여 드렸던 I
00:50:01.119 --> 00:50:03.510	스튜디오는 그냥 화면을 제가 보여
00:50:03.520 --> 00:50:06.030	드린 거고 그 i 스튜디오가 사실상
00:50:06.040 --> 00:50:08.230	크로처럼 동작할 수 있도록 이미
00:50:08.240 --> 00:50:09.589	내부에서 이제 개발하고 있다 좀
00:50:09.599 --> 00:50:10.630	말씀드려야 될 것 같습니다.
00:50:10.640 --> 00:50:12.309	&gt;&gt; 근데 업스테이지는 그렇다고 들었는데
00:50:12.319 --> 00:50:14.750	이제 제가 하나 또 화둘 던지면 그럼
00:50:14.760 --> 00:50:18.349	과연 오픈 클로우 같은 수준 이상으로
00:50:18.359 --> 00:50:20.150	만들어 낼 거의 문제잖아요. 그랬을
00:50:20.160 --> 00:50:23.109	때 좀 더 일반인 대상으로 할 수밖에
00:50:23.119 --> 00:50:26.430	없는 그 도파모의 그 미션이 있지만
00:50:26.440 --> 00:50:29.270	&gt;&gt; 좀 더 산업으로 특화해서 버티칼로
00:50:29.280 --> 00:50:31.030	A, B, C, D 이렇게 전의를
00:50:31.040 --> 00:50:34.549	시켜서 빠른 어 적용을 하면 오히려
00:50:34.559 --> 00:50:36.789	오픈 클로처럼 전체 세상 세 개를
00:50:36.799 --> 00:50:38.309	대상으로 하는 거보다는 한
00:50:38.319 --> 00:50:40.109	인더스트리는 빠르게 진출할 수가
00:50:40.119 --> 00:50:41.670	있잖아요. 그래서 그런 것들은 좀
00:50:41.680 --> 00:50:42.789	어떻게 생각하십?
00:50:42.799 --> 00:50:44.270	&gt;&gt; 네. 네. 그래서 아까 제가 이제 뭐
00:50:44.280 --> 00:50:46.549	그 해커톤 같은 해 보고 싶은 이유가
00:50:46.559 --> 00:50:48.789	그 저는 공공 영역에서 뭐 저희들
00:50:48.799 --> 00:50:50.309	가장 관심 있게 보는 거는 인허과
00:50:50.319 --> 00:50:52.910	관련된 부분들인데 인허가 관련된
00:50:52.920 --> 00:50:55.349	부분들을 전체를 이제 오픈 클로우처럼
00:50:55.359 --> 00:50:57.390	우리가 에이전트를 아예 만들어 가지고
00:50:57.400 --> 00:50:59.390	그 사용자들이 그냥 어 나 이런 거
00:50:59.400 --> 00:51:01.870	이어 하고 싶어 스를 두루 던지면
00:51:01.880 --> 00:51:03.990	걔가 알아서 아 뭐가 부족합니다라고
00:51:04.000 --> 00:51:06.430	알려 주고 그럼 필요한 거 던지면
00:51:06.440 --> 00:51:08.069	이게 자동으로 이제 아 내가 볼 때는
00:51:08.079 --> 00:51:10.670	거의 이거는 어 불합격이다. 이런
00:51:10.680 --> 00:51:12.710	이유로 그러면 이제 앞에서 이제
00:51:12.720 --> 00:51:14.789	굉장히 시간을 단축시켜서 하죠. 어
00:51:14.799 --> 00:51:17.430	그래서 얘가 에이전트가 합격입니다.
00:51:17.440 --> 00:51:19.750	합격인 것 같습니다라고 하면 그게
00:51:19.760 --> 00:51:22.069	준비된게 공무원테 딱 넘어가서 한번
00:51:22.079 --> 00:51:24.349	차 읽고 도장만 찍으면 되는 시까지
00:51:24.359 --> 00:51:26.030	만드는 걸 좀 고민을 하고 있거든요.
00:51:26.040 --> 00:51:28.750	뭐 그런 식의 이제 굉장히 그 실
00:51:28.760 --> 00:51:30.870	국민들이 체감한만 에트와도 가능하지
00:51:30.880 --> 00:51:32.150	않을까 생각이 됩니다.
00:51:32.160 --> 00:51:35.030	&gt;&gt; 그래서 저희 분가의 미션은 각 부처별
00:51:35.040 --> 00:51:37.589	그런 에이전트 사업을 활성화시키는
00:51:37.599 --> 00:51:39.829	거예요. 그래서 그게 이제 수출
00:51:39.839 --> 00:51:42.510	수출이 될 만한 글로벌 스탠더드에
00:51:42.520 --> 00:51:45.910	맞는으로 끌어올리는 건데 자율주행은
00:51:45.920 --> 00:51:48.349	어좀이 부분은 어떻습니까? 우리
00:51:48.359 --> 00:51:52.349	현대차 김수영장주행
00:51:52.359 --> 00:51:54.190	뭐 그것도 업무로 치면 이제 관련이
00:51:54.200 --> 00:51:56.109	있을 수 있는데 저도 오늘 들으면서
00:51:56.119 --> 00:51:58.789	흥미롭기도 하고 어 여러 가지 생각을
00:51:58.799 --> 00:52:00.349	하게 됐는데요. 질문을 이제 드리고
00:52:00.359 --> 00:52:02.670	싶었던 거는 아까 플로우 뭐 그
00:52:02.680 --> 00:52:04.829	말씀해 주셨는데 플로우가 사실은 이제
00:52:04.839 --> 00:52:08.870	업무 자동화 연결이 되고 플로우가 잘
00:52:08.880 --> 00:52:10.710	정의가 되면은 거의 모든 업무가 다
00:52:10.720 --> 00:52:13.230	그 안에서 정리가 되고 어 일도 되게
00:52:13.240 --> 00:52:14.870	이제 효율가 될 거 같아요. 그러면서
00:52:14.880 --> 00:52:17.710	이제 어 고민이 되는게 처음에 저희가
00:52:17.720 --> 00:52:19.349	오픈 클로우를 빨리 쓰지 못하는
00:52:19.359 --> 00:52:22.470	이유를 얘기했던 보안이 기업은
00:52:22.480 --> 00:52:23.789	고민될 수밖에 없거든요. 그
00:52:23.799 --> 00:52:25.789	플로우라고 하는 거 안에 각각의
00:52:25.799 --> 00:52:27.750	업무들이 싹 다가 되어 있다라고
00:52:27.760 --> 00:52:30.150	하면은 그다음부터 그건 되게 이제
00:52:30.160 --> 00:52:31.870	위험한 정보를 이제 얘가 이제 어
00:52:31.880 --> 00:52:33.950	누군가 어딘가에 들고 있기 때문에
00:52:33.960 --> 00:52:37.910	이제 그런 기업이 그런 걸 결정할 때
00:52:37.920 --> 00:52:39.789	어 보안을 신경 쓸 수밖에 없고
00:52:39.799 --> 00:52:42.430	그리고 플로우로 자동화를 시켜 놓고
00:52:42.440 --> 00:52:44.190	시켜 놓는 입장에서 생각을 하면 사실
00:52:44.200 --> 00:52:45.950	플로우를 정의하는 거는 직원들이 될
00:52:45.960 --> 00:52:47.309	수밖에 없을 것 같아요. 근로자가
00:52:47.319 --> 00:52:50.069	가장 많은 정보를 알고 있는데 어
00:52:50.079 --> 00:52:51.710	그거를 한 곳에 모아서 효율화를
00:52:51.720 --> 00:52:54.069	시키려고 하는 기업은 굉장히 그다음에
00:52:54.079 --> 00:52:56.870	효율성이 높아질 거 같고 개인들은 좀
00:52:56.880 --> 00:52:58.710	고민이 될 거 같은데 아 그런 거는
00:52:58.720 --> 00:53:01.109	또 어떻게 할까 그런 고민이 좀
00:53:01.119 --> 00:53:03.870	들었고요. 그다음 더 나아가면 지금
00:53:03.880 --> 00:53:07.950	그 조동구 대표님도 계신데 코딩을
00:53:07.960 --> 00:53:09.430	굳이 이젠 안 보여도 안 배워도
00:53:09.440 --> 00:53:11.990	된다라고 하는데 지금 그 컴퓨터
00:53:12.000 --> 00:53:13.990	공황을 전공하는 친구 되게 많잖아요.
00:53:14.000 --> 00:53:16.349	그럼 그 친구들은 뭘 배워야 되지?
00:53:16.359 --> 00:53:18.789	지금 이제 직업을 구해야 되는
00:53:18.799 --> 00:53:20.109	친구들은
00:53:20.119 --> 00:53:22.230	&gt;&gt; 모두가 다 동일한 선상에서 이제 할
00:53:22.240 --> 00:53:24.750	수 있는 툴들이 계속 나오면 컴퓨터
00:53:24.760 --> 00:53:26.750	공 컴퓨터 사이언스를 전공한 친구들은
00:53:26.760 --> 00:53:28.510	지금 무엇을 배우면 좋을까? 그래서
00:53:28.520 --> 00:53:30.270	아까 이제 말씀드린 플로우로
00:53:30.280 --> 00:53:32.190	자동화시키면 효율화는 되겠으나 그
00:53:32.200 --> 00:53:34.069	과정에서 이제 기업들이 하는 고민들을
00:53:34.079 --> 00:53:36.270	어떻게 해결할 수 있는지 그리고 두
00:53:36.280 --> 00:53:39.549	번째는 새롭게 이제이 업무를로
00:53:39.559 --> 00:53:41.309	시작하고 싶을 친구들은 무엇을
00:53:41.319 --> 00:53:43.030	공부하면 좋을지 그 두 가지를
00:53:43.040 --> 00:53:44.870	질문드리고 싶습니다.
00:53:44.880 --> 00:53:47.470	&gt;&gt; 네. 일단은 좀 후자 쪽이 뭔가 제가
00:53:47.480 --> 00:53:49.069	많이 받는 질문이라 먼저 좀 답변을
00:53:49.079 --> 00:53:52.349	드리자면 그쪽은 이제 저는 두 가지
00:53:52.359 --> 00:53:54.230	큰 방향이 있다고 생각합니다. 일단은
00:53:54.240 --> 00:53:55.990	첫 번째는 창업하기가 너무
00:53:56.000 --> 00:53:58.230	쉬워졌습니다. 네. 그래서 AI가
00:53:58.240 --> 00:54:00.390	코딩을 너무 잘해 주다 보니까 이제
00:54:00.400 --> 00:54:02.710	또 컴공 친구들이 더 잘할 수밖에
00:54:02.720 --> 00:54:04.510	없는게 이제 기본적인 어떤 뼈대가
00:54:04.520 --> 00:54:06.789	있고 이제 시키는 것들을 엄청 잘해
00:54:06.799 --> 00:54:09.270	주다 보니까 그걸로 이제 뭔가 내
00:54:09.280 --> 00:54:11.030	나만의 어떤 서비스를 만드는게 원래는
00:54:11.040 --> 00:54:12.789	되게 막 개발자 여러 명 붙어서 막
00:54:12.799 --> 00:54:15.109	만들고 했었는데 이제는 혼자서도 뭐
00:54:15.119 --> 00:54:17.510	그냥 글로벌하게 뭐 결제도 받고 어떤
00:54:17.520 --> 00:54:19.510	사스 서비스를 만드는게 하루만에도
00:54:19.520 --> 00:54:21.349	그냥 찍어낼 수 있을 정도로 어렵지
00:54:21.359 --> 00:54:23.510	않아진 그런 기술적인 난이도가 낮아진
00:54:23.520 --> 00:54:25.910	상황이다 보니까 그래서 1인 창업도
00:54:25.920 --> 00:54:27.710	충분히 이제 시도를 해 볼 수 있을
00:54:27.720 --> 00:54:29.349	것 같고요. 그래서 어떤 창업의 길이
00:54:29.359 --> 00:54:31.710	있을 것 같고 두 번째로는 이제
00:54:31.720 --> 00:54:33.910	여기서도 다 AX 산업 AX 얘기를
00:54:33.920 --> 00:54:37.549	하고 계신데 다 그쪽으로 결국에는
00:54:37.559 --> 00:54:39.630	모든 기업들이 AX를 해야 되는 이런
00:54:39.640 --> 00:54:41.750	상황에 직면했다 보니까 아무래도 그
00:54:41.760 --> 00:54:44.270	AI를 되게 잘 다루고 이제 그런
00:54:44.280 --> 00:54:45.990	분들이 많이 필요해질 거라고 생각이
00:54:46.000 --> 00:54:48.789	들어서 저도 이제 AX 관련 회사를
00:54:48.799 --> 00:54:51.589	세우면서 아 그러면 AX 교육을 이제
00:54:51.599 --> 00:54:53.710	이런 취업 준비하시는 분들한테 진행을
00:54:53.720 --> 00:54:55.910	하게 되면 그분들이 이제 회사에
00:54:55.920 --> 00:54:58.030	입사해 가지고 그 AI 네이티브한
00:54:58.040 --> 00:55:00.390	어떤 지식들 최신 AI들 잘 다루는
00:55:00.400 --> 00:55:02.309	지식들로 들어가서 그 회사를 좀
00:55:02.319 --> 00:55:04.030	바꾸는 역할을 할 수 있지 않을까?
00:55:04.040 --> 00:55:06.829	즉 AX 전문가가 좀 만들어질 수
00:55:06.839 --> 00:55:08.510	있지 않을까라는 생각에 그 두 가지
00:55:08.520 --> 00:55:10.430	방향에 집중을 하면 좋겠다라고 생각이
00:55:10.440 --> 00:55:11.990	들었습니다.
00:55:12.000 --> 00:55:14.109	&gt;&gt; 그 제가 이제 산업 회장으로서 좀
00:55:14.119 --> 00:55:16.710	말씀드리면 지금 그런 간담이가
00:55:16.720 --> 00:55:19.390	많아요. 우리 앞으로 개발자는 어떻게
00:55:19.400 --> 00:55:20.630	해야 되는가 뭐 얼마 전에도
00:55:20.640 --> 00:55:22.829	간담했는데 이제 근데 제가 이제 좀
00:55:22.839 --> 00:55:26.230	보면 지금 저희가 새로운 또 경험이
00:55:26.240 --> 00:55:28.829	뭐냐면이 반도체나
00:55:28.839 --> 00:55:30.670	GPU나 이런 인터페이스가
00:55:30.680 --> 00:55:33.309	많아졌잖아요. 그러니까 그런 오히려
00:55:33.319 --> 00:55:36.029	그런 반도체 인터페이스 관련된 그런
00:55:36.039 --> 00:55:37.950	소프트웨어는 굉장히 모절하거든요.
00:55:37.960 --> 00:55:39.430	심지어 아직까지 우리가 쿠다 비슷한
00:55:39.440 --> 00:55:42.870	것도 만들 시조차도 지금 못 하는
00:55:42.880 --> 00:55:44.910	상황이잖아요. 그래서 뭐 그거를 뭐
00:55:44.920 --> 00:55:47.430	파이 토치나 이거 다 오픈 소스나 뭐
00:55:47.440 --> 00:55:49.270	빅테크가 제공해지는 수준에서밖에 못
00:55:49.280 --> 00:55:52.190	모르니까. 사실은 그 저는 제가 볼
00:55:52.200 --> 00:55:54.630	때는 산업의 변화가 그렇게 그런
00:55:54.640 --> 00:55:58.270	쪽으로 좀 더 좀 더 피지컬 AI와
00:55:58.280 --> 00:56:00.349	더 인터페이스가 있는 또는 반도체
00:56:00.359 --> 00:56:02.910	인터페이스가 있는 또는 뭐 사이버
00:56:02.920 --> 00:56:04.829	시큐리티 가는 같은 경우는 좀 벌도의
00:56:04.839 --> 00:56:06.710	영역 뭐 이런 쪽으로 이제 옮겨 갈
00:56:06.720 --> 00:56:10.029	거 같고 일반 그 패키지 업체나 SI
00:56:10.039 --> 00:56:12.589	업체들은 고객사가 다 만들 거
00:56:12.599 --> 00:56:14.190	같아요. 그래서 그런 것들은 빨리
00:56:14.200 --> 00:56:17.270	해야 되는데 다만 보안 이슈가 있어서
00:56:17.280 --> 00:56:19.349	저희도 지금 우리나라 국내 AI
00:56:19.359 --> 00:56:21.829	업체들이 그래도 많이 그래도 대기업에
00:56:21.839 --> 00:56:25.069	채택되는 이유는 제한 그러니까 그
00:56:25.079 --> 00:56:27.990	정보 유출이 안 되고 뭐 이런 선에서
00:56:28.000 --> 00:56:30.349	서로 키우려고 하는게 또 대기업의
00:56:30.359 --> 00:56:33.829	입장이 예를 들면 도면 그다음에 스펙
00:56:33.839 --> 00:56:35.910	그다음에 프로세스 그다음에 VOC를
00:56:35.920 --> 00:56:39.390	만일에 물리면 그 기업의 모든
00:56:39.400 --> 00:56:41.150	데이터는 다 나간 거거든요. 그러다
00:56:41.160 --> 00:56:42.950	보니까 이제 그걸 국내 업체로 하는
00:56:42.960 --> 00:56:44.630	시장이 있는데 저는 사실 그 시장에서
00:56:44.640 --> 00:56:47.029	좀 주력 그런 에이전트 회사나 아니면
00:56:47.039 --> 00:56:48.990	AI 회사가 나와서 그게 지금
00:56:49.000 --> 00:56:52.069	중동이나 아프리카나 그런데 이제 수출
00:56:52.079 --> 00:56:54.990	미국을 경계하는 그리고 중국을
00:56:55.000 --> 00:56:57.589	의심하는이 나라의 이제 수출 산업으로
00:56:57.599 --> 00:56:59.430	만들려는게 이제 전략이거든요. 그런
00:56:59.440 --> 00:57:01.390	부분에서 우리 김성 대표님 한 말씀해
00:57:01.400 --> 00:57:01.630	주시죠.
00:57:01.640 --> 00:57:03.950	&gt;&gt; 네. 아까 그 우리 현대 상무님께서
00:57:03.960 --> 00:57:05.870	질문 주신 거 뭐 따님이
00:57:05.880 --> 00:57:10.069	학생이신가요? 그 관심을 갖는게
00:57:10.079 --> 00:57:11.190	그
00:57:11.200 --> 00:57:15.029	&gt;&gt; 예 저도 이제 그 교수를 한 적이
00:57:15.039 --> 00:57:16.870	있기 때문에 고민을 많이해 보고 있는
00:57:16.880 --> 00:57:19.710	주제인데 저는 좀 답이 좀 저는
00:57:19.720 --> 00:57:22.230	명확하게 보였어요. 우리가 만약에
00:57:22.240 --> 00:57:23.829	소프트웨어 공화가 아니라 이거 한다고
00:57:23.839 --> 00:57:26.109	생각해 보세요. 건축 내가 건축을
00:57:26.119 --> 00:57:28.950	하는 건축 설계사라고 만약에 해보죠.
00:57:28.960 --> 00:57:32.430	그럼 내가 직접 가서 땅을 파고
00:57:32.440 --> 00:57:33.990	뭐 포크레인을 운전하는 건
00:57:34.000 --> 00:57:35.950	아니잖아요. 뭘 하냐면은 설계를
00:57:35.960 --> 00:57:37.870	그림을 그리는 거거든요. 그럼 좋은
00:57:37.880 --> 00:57:39.349	건축 설계사가 되려면 어떻게 해야
00:57:39.359 --> 00:57:41.549	돼? 이때까지 사람들이 만든 좋은
00:57:41.559 --> 00:57:43.990	건축을 많이 공부하는 거예요. 로마도
00:57:44.000 --> 00:57:45.910	가보고 막 그러는 거잖아요. 그러면
00:57:45.920 --> 00:57:47.270	이제 소프트웨어 공학자가 또 저는
00:57:47.280 --> 00:57:49.390	똑같다고 보거든요. 이제 직접 코딩을
00:57:49.400 --> 00:57:51.270	안 해요. 근데 뭘 해야 되지?
00:57:51.280 --> 00:57:53.390	설계를 해야 돼요. 그러려면 뭘 봐야
00:57:53.400 --> 00:57:55.710	돼? 이때까지
00:57:55.720 --> 00:57:57.750	페이스북이나 심지어 오픈클로나 이런
00:57:57.760 --> 00:58:00.309	모든 좋은 제품들이 어떻게 만들어져
00:58:00.319 --> 00:58:02.029	있는지를
00:58:02.039 --> 00:58:03.589	&gt;&gt; 아키텍처를 배우는 거예요. 그래서
00:58:03.599 --> 00:58:06.549	저는 제가 이제 교수가 아닌데 만약에
00:58:06.559 --> 00:58:07.990	기회가 있으면 그 수업을 만들어 보고
00:58:08.000 --> 00:58:09.589	싶어요. 이때까지 가장 위대했던
00:58:09.599 --> 00:58:12.750	소프트웨어의 제품들이 어떤 아키텍처로
00:58:12.760 --> 00:58:14.270	어떤 구성으로 되어 있나이 최근 한
00:58:14.280 --> 00:58:16.270	거를 보면서 그거를 한 10강 정도로
00:58:16.280 --> 00:58:17.829	공부를 하는 거예요. 그래서 두 강
00:58:17.839 --> 00:58:20.230	정도는 그럼 네가이 배운 구조를
00:58:20.240 --> 00:58:21.430	가지고
00:58:21.440 --> 00:58:22.589	&gt;&gt; 새로운 소프트웨어를 어떻게 만들
00:58:22.599 --> 00:58:24.829	거야? 이거를 해 봐. AI를 써서
00:58:24.839 --> 00:58:26.549	그럼 건축 우리 사무사하고 똑같은
00:58:26.559 --> 00:58:28.549	거거든요. 그래서 이거 정말 재미지
00:58:28.559 --> 00:58:31.069	않을까 해서 교수님 혹시 되시면
00:58:31.079 --> 00:58:32.829	교육이 되게 중요한 거 같고요. 사실
00:58:32.839 --> 00:58:34.829	두 분 말씀이 저는 맞다고
00:58:34.839 --> 00:58:38.230	생각합니다. 그러니까 어차피 이제 뭐
00:58:38.240 --> 00:58:41.069	분가 위원장님 말씀하신 것처럼 위에
00:58:41.079 --> 00:58:42.950	껍데기에다가는 코드는 AI가 해
00:58:42.960 --> 00:58:45.950	주는데 그니까 결국은 전문가들이 어쩔
00:58:45.960 --> 00:58:48.549	수 없이 혹은 실제로 안에 들어가는
00:58:48.559 --> 00:58:51.190	코드를 만드는데 그리고 사실 컨텐츠를
00:58:51.200 --> 00:58:53.309	잘하거나 아니면 안에 들어가는 코드를
00:58:53.319 --> 00:58:56.829	잘 이해해서 사실 이제 뭐 이런
00:58:56.839 --> 00:58:59.069	AI가 만들어 주다가 막히는 부분이
00:58:59.079 --> 00:59:01.109	사실 있거든요. 근데 그때 그 막히는
00:59:01.119 --> 00:59:03.990	부분을 이제 좀 본연차들이 해결하는
00:59:04.000 --> 00:59:06.710	것처럼 이제 학교에서 이제 배출된
00:59:06.720 --> 00:59:08.670	학생들이 그런 걸 좀 더 잘 알도록
00:59:08.680 --> 00:59:11.349	실제 코딩은 AI를 하도록 하겠지만
00:59:11.359 --> 00:59:14.390	그 구조는 좀 더 잘 맞도록 교육을
00:59:14.400 --> 00:59:16.670	더 계속 잘 해야 될 것 같습니다.
00:59:16.680 --> 00:59:18.430	저도 이제 사실 그 고민이 학교에
00:59:18.440 --> 00:59:21.829	있기 때문에 학생들 최근에 어쨌든
00:59:21.839 --> 00:59:25.430	이제 컴퓨터 공학과 아니면 뭐
00:59:25.440 --> 00:59:27.549	인공지능 학과 이렇게 이제 많은
00:59:27.559 --> 00:59:30.270	학들이 만들어졌고 그 타겟에서는 뭐
00:59:30.280 --> 00:59:33.630	코딩 전문가를 뭐 코딩 전문가 또는
00:59:33.640 --> 00:59:36.589	뭐 어 뭐 아키텍트 시스템 아키텍트를
00:59:36.599 --> 00:59:42.670	이제 양성하는 어 그런 어 이제 어
00:59:42.680 --> 00:59:44.670	학생들을 아니면 그런 뭐 인재를
00:59:44.680 --> 00:59:46.870	양성하는 거기에 초점 점이 돼
00:59:46.880 --> 00:59:50.510	있었는데 이제 말씀하신 것처럼
00:59:50.520 --> 00:59:52.710	그럼 시스템 악트가
00:59:52.720 --> 00:59:56.589	과연 그런 어 코더들을
00:59:56.599 --> 00:59:58.829	양성하는 그런 정도의 숫자가
00:59:58.839 --> 01:00:00.470	필요하냐라는
01:00:00.480 --> 01:00:02.150	거죠.
01:00:02.160 --> 01:00:03.510	거기에 사실 고민들이 있는 거
01:00:03.520 --> 01:00:05.589	같습니다. 그러니까 양성 규모가 어느
01:00:05.599 --> 01:00:08.470	정도 돼야 되느냐 그런 관점에서 좀
01:00:08.480 --> 01:00:11.029	모르겠습니다. 이게 이제 이제 산업이
01:00:11.039 --> 01:00:13.630	더 확장되고 그러면 분야가 더 세분화
01:00:13.640 --> 01:00:16.230	되면 그런 물론 이제 그 직업들이
01:00:16.240 --> 01:00:20.150	많이 생길 텐데 그런 그런 거에 대한
01:00:20.160 --> 01:00:23.390	좀 어이 규모에 관한 고민이 사실
01:00:23.400 --> 01:00:24.710	있습니다.
01:00:24.720 --> 01:00:26.670	예. 그 창업을 한다라고 하는 그
01:00:26.680 --> 01:00:28.950	사람들은 기본적으로 그 소양을
01:00:28.960 --> 01:00:31.430	소프트웨어가 어떻게 돌아가고 어떤 뭐
01:00:31.440 --> 01:00:32.950	아키텍처라는게 좁은 의미에서
01:00:32.960 --> 01:00:35.190	아키텍처가 아니라 이제 요즘 다른 뭐
01:00:35.200 --> 01:00:36.710	DB랑 어떻게 연결되고 이런 것들이
01:00:36.720 --> 01:00:38.710	필요하거든요. 그런 아키텍들을 충분히
01:00:38.720 --> 01:00:41.270	이해해야 아마 창업을 잘할 것 같아서
01:00:41.280 --> 01:00:42.750	저는 뭐 전국민이 다 배워도 좀
01:00:42.760 --> 01:00:44.190	좋다고 생각합니다.
01:00:44.200 --> 01:00:47.789	&gt;&gt; XAI에서 그 매크로하드 프로젝트라고
01:00:47.799 --> 01:00:51.150	직원 대체하는 거 있잖아요. 그러니까
01:00:51.160 --> 01:00:54.950	궁금한게 그 앞으로 방향이 그 a
01:00:54.960 --> 01:00:56.789	그니까이 직원을 대체하는 그니까
01:00:56.799 --> 01:00:59.789	에밀리에이션하는 방향으로 갈지 아니면
01:00:59.799 --> 01:01:01.710	오픈클로처럼
01:01:01.720 --> 01:01:04.589	그 아예 직관 자체가 필요 없는
01:01:04.599 --> 01:01:06.309	그죠. 에이전트가 이렇게 이런 식으로
01:01:06.319 --> 01:01:10.150	발전할지 좀 궁금하더라고요.
01:01:10.160 --> 01:01:12.589	&gt;&gt; 업무를 AI 에이전트가 많은 부분을
01:01:12.599 --> 01:01:14.510	위임해서 처리할 수 있다 보니까 그
01:01:14.520 --> 01:01:17.670	어떤 기존에 대비해서 한 프로젝트가
01:01:17.680 --> 01:01:19.549	있다면 거기에 필요한 인력이 확
01:01:19.559 --> 01:01:20.950	줄어들 것 같고요. 그래서 뭐 10열
01:01:20.960 --> 01:01:22.670	명이 하던 걸 이제 뭐 한두 명이
01:01:22.680 --> 01:01:24.510	수행할 수 있으니까 이제 그런
01:01:24.520 --> 01:01:26.029	프로젝트를 근데 대신에 뭐 여러 개
01:01:26.039 --> 01:01:29.670	해 가지고 더 여러 업무들을 할 수
01:01:29.680 --> 01:01:31.870	있을 텐데 결국에 그 한 프로젝트에
01:01:31.880 --> 01:01:33.630	투입되는 인력은 줄어들 것 같긴
01:01:33.640 --> 01:01:35.549	합니다. 그래서 1인창업도 그 결인게
01:01:35.559 --> 01:01:37.430	사실 어떤 한 회사를 운영한다라고
01:01:37.440 --> 01:01:39.589	했을 때 그 회사가 하는 일을 이제
01:01:39.599 --> 01:01:41.190	충분히 1인도 할 수 있게 많은
01:01:41.200 --> 01:01:43.029	부분들을 위임할 수 있는네 그런
01:01:43.039 --> 01:01:45.789	시점이 점점 되고 있어서네 그렇게
01:01:45.799 --> 01:01:47.549	되지 않을까 싶습니다. 점점 그 한
01:01:47.559 --> 01:01:48.630	프로젝트를 적은 인원이 할 것
01:01:48.640 --> 01:01:51.710	같습니다. 제 질문의 핵심은 그 소위
01:01:51.720 --> 01:01:54.710	매크로아드를 디지털 옵티머스라고
01:01:54.720 --> 01:01:57.190	닉네임을 부르는데 그러니까 그
01:01:57.200 --> 01:01:59.829	휴먼노이드의 디지털 버전처럼 그러니까
01:01:59.839 --> 01:02:01.710	사람이 키 컴퓨터 앞에 앉아 있는
01:02:01.720 --> 01:02:04.109	거를대 그니까 에뮬레이션하는 개념으로
01:02:04.119 --> 01:02:06.829	발전하고 있는데 그 일로머스크는 그런
01:02:06.839 --> 01:02:09.829	식으로 하는데 아까 보신 오픈 콜로
01:02:09.839 --> 01:02:12.950	같은 에이전트들은 이제 컴퓨터에
01:02:12.960 --> 01:02:16.910	돌아가는데 그거는 물론 그것도 사람을
01:02:16.920 --> 01:02:18.589	필요한데 약간 차이가 있잖아요.
01:02:18.599 --> 01:02:20.990	그러니까 무슨 말씀이냐면 아예
01:02:21.000 --> 01:02:22.630	에이전트가
01:02:22.640 --> 01:02:24.150	처음부터
01:02:24.160 --> 01:02:29.109	그냥 사람을 그 플로우에 직원이 있는
01:02:29.119 --> 01:02:31.190	걸 가정하지 아지 않고 플로우를 짜서
01:02:31.200 --> 01:02:33.789	그냥 그 아예 사람 개입 없는 식의
01:02:33.799 --> 01:02:36.269	회사나 기업을 생각할 수도 있을 거고
01:02:36.279 --> 01:02:39.589	지금 XI 하는 것처럼 기존에 사람
01:02:39.599 --> 01:02:42.750	그 지동자들이 있는데 그 부분을 그
01:02:42.760 --> 01:02:44.630	엑세 하는 거는 그 키보드 그니까
01:02:44.640 --> 01:02:47.829	스크린 보면서 마우스 키보드 계속 얘
01:02:47.839 --> 01:02:49.069	얘가 학습 학습해 가지고 마치
01:02:49.079 --> 01:02:51.870	FSD처럼 사람을 대체하는 거거든요,
01:02:51.880 --> 01:02:53.750	지금. 그러니까 그게 어떤 식으로
01:02:53.760 --> 01:02:56.269	발전될지가 좀 궁금하고 그 두 가지가
01:02:56.279 --> 01:02:58.230	결합할 수도 좀 있을 것 같은데 그런
01:02:58.240 --> 01:03:00.549	부분들은 어떻게 저번가분들을
01:03:00.559 --> 01:03:02.430	생각하시는지 좀 궁 궁금합니다.
01:03:02.440 --> 01:03:04.470	&gt;&gt; 그 지금 이제 그 저희들이 사실 제일
01:03:04.480 --> 01:03:07.069	해 보고 싶은 거는 이거를 이제 여기
01:03:07.079 --> 01:03:09.710	또 뭐 현업에 계신 대표님들도
01:03:09.720 --> 01:03:11.990	계시니까 어떨지 모르겠는데
01:03:12.000 --> 01:03:14.309	어 AR 그 저희들이 그 직원들이
01:03:14.319 --> 01:03:17.349	일하시는 그 화면에다가 그 약간
01:03:17.359 --> 01:03:19.630	모니터링 같은 하나를 해서 그냥
01:03:19.640 --> 01:03:21.789	직원들이 귀찮잖아요. 뭐
01:03:21.799 --> 01:03:23.150	어떤 프로세스를 해요. 말하는 것도
01:03:23.160 --> 01:03:25.029	귀찮으니까 그냥 그 그 그냥 그걸
01:03:25.039 --> 01:03:28.069	설치해 놓고 한 일주일만 우리가
01:03:28.079 --> 01:03:29.910	캡처를 할 수 있도록 해 달라 이렇게
01:03:29.920 --> 01:03:31.470	부탁을 드리고 싶거든. 현대에 예를
01:03:31.480 --> 01:03:33.829	들면 그러면은 이제 아까 그
01:03:33.839 --> 01:03:36.390	말씀하셨던 것처럼 그 안에서 우리가
01:03:36.400 --> 01:03:38.950	그 굉장히 좋은 형태의 플로 아 이건
01:03:38.960 --> 01:03:40.630	굉장히 좋네. 또 AI가 볼 때 이거
01:03:40.640 --> 01:03:43.069	좀 비효율적인데라고 해서 좀 좋은
01:03:43.079 --> 01:03:45.710	개선도 나올 것 같아요. 이거를 오픈
01:03:45.720 --> 01:03:48.109	AI는
01:03:48.119 --> 01:03:49.950	제가 이제 그 오픈 AI CF를 며칠
01:03:49.960 --> 01:03:51.710	전에 만났는데
01:03:51.720 --> 01:03:55.349	돈을 많이 주고 그 모관 스탠니이라는
01:03:55.359 --> 01:03:57.789	회사에 그 직원들은 돈을 주고 일을
01:03:57.799 --> 01:04:00.430	해요. 그래서 그 프로세스를 지금 다
01:04:00.440 --> 01:04:02.750	받아 가지고에 AI가 에이전트를 잘
01:04:02.760 --> 01:04:04.029	이해하는 프로세스를 지금 하고
01:04:04.039 --> 01:04:06.710	있더라고요. 그래서 이제네 뭐 그런
01:04:06.720 --> 01:04:08.430	식으로 이제 데이터가 많이 모여진다고
01:04:08.440 --> 01:04:10.950	하면은 저는 뭐 그 사람들이 하고
01:04:10.960 --> 01:04:13.789	있는 일들을 처음에는 저는 모방을
01:04:13.799 --> 01:04:15.269	하는 거 같아요. 모방을 해야 될 것
01:04:15.279 --> 01:04:17.390	같고 그다음에는 거기서 이제 창조가
01:04:17.400 --> 01:04:18.910	좀 일어나지 않을까 뭐 그런 식으로
01:04:18.920 --> 01:04:21.950	저는 진화가 될 거 같아요.
01:04:21.960 --> 01:04:23.670	그러면서 여기서 사람들이 그러면 어떤
01:04:23.680 --> 01:04:26.150	일을 할 거냐 이런 것들을 이제 조금
01:04:26.160 --> 01:04:28.470	우리가 잘 찾아내내면서 좀 서로
01:04:28.480 --> 01:04:30.870	행복하게 가지 않을까 하는 생각인데
01:04:30.880 --> 01:04:33.750	질문하신게 이게 맞나요? 혹시
01:04:33.760 --> 01:04:36.789	&gt;&gt; 근데 그 기술의 전개가 어떤 식으로
01:04:36.799 --> 01:04:39.430	되느냐도 중요한데 지금 저희는 어떤데
01:04:39.440 --> 01:04:42.589	조금 더 포커스원해야 되냐면 그거를
01:04:42.599 --> 01:04:46.430	우리나라 생태계에서 만들 수 있느냐
01:04:46.440 --> 01:04:48.190	그걸 우리가 산업화할 수 있냐에 좀
01:04:48.200 --> 01:04:50.549	좁혀야 돼. 지금 저희가 왜냐면
01:04:50.559 --> 01:04:53.269	저희가 제가 사실은 지금 막 전쟁
01:04:53.279 --> 01:04:55.670	중이잖아요. 그리고 핵무기도 지금
01:04:55.680 --> 01:04:58.430	미국이 다 통제하는데 이것도 지금이
01:04:58.440 --> 01:05:01.750	상태로 한 5년에서 이상 더 가면은
01:05:01.760 --> 01:05:04.870	미국이 어느 날 그 그냥 전체를 다
01:05:04.880 --> 01:05:06.549	통제할 수 있거든요. 사실은. 그렇기
01:05:06.559 --> 01:05:09.470	때문에 소버니티도 중요하니까 약간
01:05:09.480 --> 01:05:11.109	산업 측면에서 남은 시간을 좀
01:05:11.119 --> 01:05:14.430	질문해줬으면 좋겠고요. 그래서 좀 그
01:05:14.440 --> 01:05:17.069	김방 대표님이나 우리 황희철 대표님
01:05:17.079 --> 01:05:18.829	질문 있으신가요?
01:05:18.839 --> 01:05:20.829	아까 전에 이제 뭐 오픈 클라우드
01:05:20.839 --> 01:05:23.109	얘기하셨고 근데 그 여러 가지
01:05:23.119 --> 01:05:24.870	얘기하셨는데 저희가 이제 저는 지금
01:05:24.880 --> 01:05:26.950	메가전 클라우드에서
01:05:26.960 --> 01:05:30.150	시아로 맞고 있는 막고 있는데요. 그
01:05:30.160 --> 01:05:32.269	지금 저희 메가정 클라우드 자체에서도
01:05:32.279 --> 01:05:35.190	지금 사실은 여러 가지 에이전트
01:05:35.200 --> 01:05:37.150	AI를 많이 만들고 있고 뭐 예를
01:05:37.160 --> 01:05:39.349	들면 클라우드를 관리하다 보면
01:05:39.359 --> 01:05:41.269	클라우드 인프라 관리하는 것들에 대한
01:05:41.279 --> 01:05:44.150	것들을 그 에이전트와 저희가 하는
01:05:44.160 --> 01:05:46.109	것들도 좀 진행하고 있고 그리고 또
01:05:46.119 --> 01:05:48.670	커스텀을 서포트하는 부분에 있어서도
01:05:48.680 --> 01:05:50.510	예전 방식하고 다르게 이제 에이전트
01:05:50.520 --> 01:05:53.230	AI 만들어서 적용하고 있고 작년에
01:05:53.240 --> 01:05:55.309	저희가 한 150개 이상의 A
01:05:55.319 --> 01:05:57.589	프로젝트들도 좀 진행을 했었거든요.
01:05:57.599 --> 01:06:01.069	근데 실질적으로 이게 뭐 어
01:06:01.079 --> 01:06:03.630	API에서 여러 가지 이제 끌어다가
01:06:03.640 --> 01:06:06.589	지금 한다고 하지만 그 완전한 엔드투
01:06:06.599 --> 01:06:08.710	엔드의 어크플로우를 구현하기 굉장히
01:06:08.720 --> 01:06:11.390	어렵습니다. 사실 그리고 또 오픈
01:06:11.400 --> 01:06:13.309	클로우 관련해서도 제가 이제
01:06:13.319 --> 01:06:15.549	고객들하고 얘기를 많이 하다 보면
01:06:15.559 --> 01:06:17.870	실질적으로는
01:06:17.880 --> 01:06:20.510	약간 제한적인 좀 에이전트를 선호하는
01:06:20.520 --> 01:06:23.870	추세들이 있고 왜냐면 워낙 이제
01:06:23.880 --> 01:06:26.750	오픈소스 프로젝트 환경이다 보니까
01:06:26.760 --> 01:06:29.309	거버넌스 짜는 것도 굉장히 어렵고
01:06:29.319 --> 01:06:33.109	오디 뭐 로그를 뭐 감시하는 것도
01:06:33.119 --> 01:06:35.109	굉장히 하고 또 모니터링 대시워드
01:06:35.119 --> 01:06:37.470	만드는 것도 어렵고 그리고 또 뭐
01:06:37.480 --> 01:06:39.390	예를 들면 비용이 얼마나 나올지
01:06:39.400 --> 01:06:41.069	모르는 두려움도 있고 그래서 여러
01:06:41.079 --> 01:06:43.630	가지 이제 그 실질적으로 에이전트
01:06:43.640 --> 01:06:45.950	AI 이제 산업 생태기 형태에서
01:06:45.960 --> 01:06:49.309	보려면 그 이런 이제 여러 가지 이제
01:06:49.319 --> 01:06:51.269	옵저베이션들이 나오고 있거든요. 그런
01:06:51.279 --> 01:06:54.349	것들이 계속이 간담과 여러 가지
01:06:54.359 --> 01:06:57.069	논의가 되면서 거기서 산업계에서 예를
01:06:57.079 --> 01:06:58.789	들어서 업스테이지랑 뭐 메가존
01:06:58.799 --> 01:07:01.029	클라우트 여러 가지 회사들이 뭉쳐서
01:07:01.039 --> 01:07:03.630	그런 것들을 좀 제안을 한다든지 그런
01:07:03.640 --> 01:07:06.950	것들이 이제 생태기를 돕고 어 AI를
01:07:06.960 --> 01:07:09.150	빨리 좀 도입하는데 기업들한테 도움이
01:07:09.160 --> 01:07:10.789	되지 않을까 싶어서 그냥 그
01:07:10.799 --> 01:07:12.710	전체적으로 지금 들었던 내용들에
01:07:12.720 --> 01:07:15.750	있어서 코멘트를 좀 남겨 드립니다.
01:07:15.760 --> 01:07:18.750	&gt;&gt; 네. 김건 대표님이어서 하시죠.
01:07:18.760 --> 01:07:21.390	저도 이제 오픈 클로를 쓰고 있는데
01:07:21.400 --> 01:07:24.390	관계적도 많고 할 것도 되게 많을 거
01:07:24.400 --> 01:07:26.870	같아요. 밑에 밑바닥에 지금 뭐
01:07:26.880 --> 01:07:30.190	올라말든 멀트든 저희 도파 모이 안
01:07:30.200 --> 01:07:33.029	보여서 그래도 좀 걱정이 되기도 하고
01:07:33.039 --> 01:07:36.710	첫 번째는 두 번째는 조코딩 님한테
01:07:36.720 --> 01:07:39.829	좀 질문드릴 수 있는 거는 프라이머
01:07:39.839 --> 01:07:42.829	진행할 때 좀 수상한 기업들 하나만
01:07:42.839 --> 01:07:45.710	보이셨는데 추가적으로 좀 더 이야기할
01:07:45.720 --> 01:07:47.750	기업들이 좀 있으면 몇 개만 좀 더
01:07:47.760 --> 01:07:51.269	이야기를 해 주시면 감사하겠습니다.
01:07:51.279 --> 01:07:54.069	일단은 추가 수상 기업은 어 제가
01:07:54.079 --> 01:07:56.750	명단을 한번 지금 잘 기억이 바로
01:07:56.760 --> 01:07:59.470	나는게 많이 없어 가지고 잠시 명단을
01:07:59.480 --> 01:08:02.109	보면서네 근데 좀 인상적이었던 걸
01:08:02.119 --> 01:08:04.910	먼저 좀 소개를 드리면은 그런 분들도
01:08:04.920 --> 01:08:06.950	많았어요. 좀 인상적이었던게 아예
01:08:06.960 --> 01:08:09.430	이전공자분들도 많았습니다. 그래서
01:08:09.440 --> 01:08:11.190	코딩을 아예 안 해 보신 분도 이제
01:08:11.200 --> 01:08:12.630	조코딩 채널에서 이제 바이브 코딩
01:08:12.640 --> 01:08:14.230	어떻게 하는지 기초적인 거 알려
01:08:14.240 --> 01:08:16.349	드렸는데 막 외식업 하시던 분이 본인
01:08:16.359 --> 01:08:18.669	외식업을 뭐 이제 홍보 포스터나 이런
01:08:18.679 --> 01:08:20.590	걸 만드는 서비스를 만드셔 가지고
01:08:20.600 --> 01:08:23.149	아예 개발과 관련 없는 분인데도 어떤
01:08:23.159 --> 01:08:26.110	본인 그 회사뿐만 아니라 이제 다른
01:08:26.120 --> 01:08:28.390	기업 다른 뭐 외식 업체나 어디
01:08:28.400 --> 01:08:30.349	업체들이 이제 홍보용 이미지나 에센
01:08:30.359 --> 01:08:31.950	이런 걸 만드실 수 있게 만든
01:08:31.960 --> 01:08:33.910	서비스를 만드신 분도 계셨고요. 즉
01:08:33.920 --> 01:08:36.390	이제 코딩이 진짜 많이 쉬워졌다라고
01:08:36.400 --> 01:08:38.590	생각이 들고 지금 명단을 적고
01:08:38.600 --> 01:08:42.269	있습니다. 네. 어, 근데 좀 오래
01:08:42.279 --> 01:08:44.430	걸릴 것 같아서 혹시 다른 이야기를
01:08:44.440 --> 01:08:46.630	먼저 할까요? 그 분가등이 말씀하신
01:08:46.640 --> 01:08:50.510	것처럼 이게 저희가 특정한 어떤 산업
01:08:50.520 --> 01:08:52.430	분야를 좀 더 집중적으로 이게 찍을
01:08:52.440 --> 01:08:54.309	필요도 있는 거 같거든요. 그니까
01:08:54.319 --> 01:08:57.630	저희가 아무래도 뭐 그 미국이나 막
01:08:57.640 --> 01:09:00.309	중국처럼 지금 예산이나 규모가 아주
01:09:00.319 --> 01:09:02.309	많지 않기 때문에 저희 이제 하나씩
01:09:02.319 --> 01:09:05.630	하나씩 좀 격파하면서 글로벌 경쟁력을
01:09:05.640 --> 01:09:07.309	사실 저희는 목표 자체가 글로벌
01:09:07.319 --> 01:09:09.709	경쟁력이 있는 걸 만드는 거니까
01:09:09.719 --> 01:09:12.110	그러면은 산업 분야 중에서도 어디
01:09:12.120 --> 01:09:13.590	아니면 지금 식약처 사례 보여
01:09:13.600 --> 01:09:15.309	주셨는데 저렇게 뭐 예를 들면
01:09:15.319 --> 01:09:17.269	바이오가 됐건 의료가 됐건 이런
01:09:17.279 --> 01:09:19.789	분야를 좀 더 집중적으로 저희가
01:09:19.799 --> 01:09:22.510	도메인을 파보자 약간 이런 거를
01:09:22.520 --> 01:09:24.749	제안을 할 수도 있지 않나라는 생각이
01:09:24.759 --> 01:09:26.510	들어서 그런 거에 대한 논의가 조금
01:09:26.520 --> 01:09:27.990	더 이루어졌으면 좋겠다라는 부분
01:09:28.000 --> 01:09:31.070	하나랑 아 일단 저는 좀 그런 부분이
01:09:31.080 --> 01:09:32.149	있어요. 그니까 이게 되게 양
01:09:32.159 --> 01:09:34.309	극단으로 갈 거 같은데 에이전트가
01:09:34.319 --> 01:09:36.189	그니까 제가 이제 얼마 전에 중국에
01:09:36.199 --> 01:09:37.709	그때 그 인사이트 트립 상해로
01:09:37.719 --> 01:09:39.709	갔었잖아요. 때 그때 그 바이트
01:09:39.719 --> 01:09:42.749	댄스의 그 페이슈라고 하는 그
01:09:42.759 --> 01:09:44.789	워크플로우 관련돼서 이제 하는
01:09:44.799 --> 01:09:46.749	자회사랑
01:09:46.759 --> 01:09:48.870	자회사 만드는 팀이랑 미팅을 했었는데
01:09:48.880 --> 01:09:50.390	이제 너무 충격을 받은게 그니까
01:09:50.400 --> 01:09:52.030	우리가
01:09:52.040 --> 01:09:54.070	편이 편히 알고 있다고 하는 예를
01:09:54.080 --> 01:09:56.310	들면 이제 회의록이라는 서비스 같은
01:09:56.320 --> 01:10:00.229	경우도 중국에 지금 이제 걔네가 그
01:10:00.239 --> 01:10:02.709	워크 AI 쪽에서 제공하는 레벨이
01:10:02.719 --> 01:10:04.430	너무 다른 거예요. 그러니까 예를
01:10:04.440 --> 01:10:07.390	들면은 그 페이어 같은 경우에 지금
01:10:07.400 --> 01:10:09.310	제공하는 이미 이제 중국에 있는 많은
01:10:09.320 --> 01:10:11.510	기업들이 사용을 하고 있는데 모회사는
01:10:11.520 --> 01:10:13.709	바이트 댄스고요. 근데 거기서 이제
01:10:13.719 --> 01:10:16.270	예를 들면은 회의를 그냥 하잖아요.
01:10:16.280 --> 01:10:17.950	그럼 얘가 알아서 그걸 다 기록을
01:10:17.960 --> 01:10:19.910	해요. 그니까 전사에서 이루어지는
01:10:19.920 --> 01:10:22.910	회의가 어 그 이거 그냥 알아서 그냥
01:10:22.920 --> 01:10:25.030	다 기록이 되니까 그리고 이제 그거
01:10:25.040 --> 01:10:27.590	요약본 그다음에 그 각자의 사람들이
01:10:27.600 --> 01:10:30.390	해야 될 거들이 알아서 회의가 끝나고
01:10:30.400 --> 01:10:32.350	나면 자동으로 다 스프레드가 되고
01:10:32.360 --> 01:10:34.350	요약본이 다 올라가요. 근데 그게
01:10:34.360 --> 01:10:36.510	이제 어떤 지금은 제가 봤을 때는
01:10:36.520 --> 01:10:38.950	한국에서 이제 워크 AI 그니까 AX
01:10:38.960 --> 01:10:41.310	부분도 보면은 어느 정도 레벨이냐면
01:10:41.320 --> 01:10:43.229	그냥 각자의 영역에서이 사람이 하는
01:10:43.239 --> 01:10:44.990	일을 좀 더 도와주고 있나라는
01:10:45.000 --> 01:10:47.750	레벨이지 이게 회사 전체의 어떤
01:10:47.760 --> 01:10:50.709	지식이나 위키아가 되는 레벨까지 가서
01:10:50.719 --> 01:10:53.229	그게 어떤 이제 리더십들의 의사 결정
01:10:53.239 --> 01:10:55.910	혹은 그 리더십은 최단일 수도 있고
01:10:55.920 --> 01:10:57.590	팀 리더일 수도 있는데 이제 어느
01:10:57.600 --> 01:11:00.310	레벨이냐면 이게 팀 만약에 팀 리더
01:11:00.320 --> 01:11:02.750	입장에서 보자면은 내가 가지 않아도
01:11:02.760 --> 01:11:04.910	도 뭐 예를 들면 뭐 디자이너 각각
01:11:04.920 --> 01:11:06.990	팀들 멤버들이 다 회의를 하잖아요.
01:11:07.000 --> 01:11:08.430	근데 이제 궁금한 사항이 있어. 나는
01:11:08.440 --> 01:11:09.790	바빠 가지고 그 회의 참석을 못
01:11:09.800 --> 01:11:12.350	했어. 근데 그러면은 그 요약번들을
01:11:12.360 --> 01:11:13.950	언제 어디서는 그냥 확인할 수 있는
01:11:13.960 --> 01:11:15.830	거예요. 그니까 그게 안 되면 저희가
01:11:15.840 --> 01:11:17.149	맨날 물어보잖아요. 야 그 그거
01:11:17.159 --> 01:11:18.950	어떻게 됐어? 디자이너 협의 잘됐어?
01:11:18.960 --> 01:11:20.709	뭐 개발이랑 협의 잘 끝났어? 이런
01:11:20.719 --> 01:11:22.550	걸 확인해야 되는데. 그리고 이게
01:11:22.560 --> 01:11:25.110	결국 최상단으로 가게 되면 뭐냐면
01:11:25.120 --> 01:11:27.750	CEO들이 그거를 물러 임원회의
01:11:27.760 --> 01:11:29.310	같은게 사실 그렇게 크게 필요가 없는
01:11:29.320 --> 01:11:31.669	거예요. 왜냐면 내가 지금 어떤 그
01:11:31.679 --> 01:11:33.870	주요하고 있는 프로젝트가 궁금하면은
01:11:33.880 --> 01:11:35.390	그게 지금 진행 상황이 어떻게
01:11:35.400 --> 01:11:37.709	되는지를 요약이나 진행 상황을 그냥
01:11:37.719 --> 01:11:39.189	알아서 다 확인할 수 있는 거예요.
01:11:39.199 --> 01:11:40.990	그래서 지금 이제 한 단계 저희가
01:11:41.000 --> 01:11:42.470	에이전틱이 좀 더 나아가야 된다고
01:11:42.480 --> 01:11:44.030	생각하는게
01:11:44.040 --> 01:11:46.629	이미 굉장히 좀 완성도가 높게 구현된
01:11:46.639 --> 01:11:49.470	기술 회의록 기술이라든지 음성으로
01:11:49.480 --> 01:11:51.910	받아서 하는 기술이라든지 여기에
01:11:51.920 --> 01:11:54.910	간단한 에이전팅 요소가 붙어주면은
01:11:54.920 --> 01:11:57.870	AX 분야에서도 회사 전체의 그
01:11:57.880 --> 01:11:59.709	생산성이 말도 못하게 높아질 수
01:11:59.719 --> 01:12:02.550	있는데 그게 이제 이미 있는 것들을
01:12:02.560 --> 01:12:04.669	지금 AX 논의도 보면 이미 있는
01:12:04.679 --> 01:12:06.350	것들을 어떻게 데이터 하느냐 이런
01:12:06.360 --> 01:12:08.790	부분들도 있지만 지금 계속 생상대
01:12:08.800 --> 01:12:11.310	달고 있는 지금 회사 전체 지식이나
01:12:11.320 --> 01:12:13.709	무형화된 자산들 같은 것들이
01:12:13.719 --> 01:12:16.030	자동적으로 데이터베이스화되고
01:12:16.040 --> 01:12:18.430	자산화가 지금 되고 있는 거를 이미
01:12:18.440 --> 01:12:20.430	구현을 하고 있더라고요. 근데 지금
01:12:20.440 --> 01:12:22.390	저희가 쓰고 있는 것들 중에서 뭐
01:12:22.400 --> 01:12:24.229	구글 스페이스도 아직 제가 봤을 때는
01:12:24.239 --> 01:12:26.310	그 정도 레벨까지 못 가고 있고 좀
01:12:26.320 --> 01:12:28.310	음성이 아직 약한 거 같아요. 구글이
01:12:28.320 --> 01:12:30.990	오픈에어의 비교해 보면은 어 저는이
01:12:31.000 --> 01:12:32.390	받아쓰거나 약간 이런 회의록
01:12:32.400 --> 01:12:33.950	정리하거나 이런 거 레벨을 봤었을
01:12:33.960 --> 01:12:35.669	때는 그 요약 부분도 아직 좀
01:12:35.679 --> 01:12:38.709	떨어지고 근데 요런게 좀 더 완성도
01:12:38.719 --> 01:12:40.990	있는 레벨로 갔을 때 회사 전체로
01:12:41.000 --> 01:12:42.950	자산했을 때는 그 AX 부분에서 파급
01:12:42.960 --> 01:12:44.870	효과가 굉장히 클 수 있거든요.
01:12:44.880 --> 01:12:47.629	그래서 특히 이제 회의 부분을
01:12:47.639 --> 01:12:50.790	가지고도이 정도의 완성도를 높여 있는
01:12:50.800 --> 01:12:53.149	AX 서비스를 만들어내고 있다는게
01:12:53.159 --> 01:12:55.629	너무 좀 충격이도 했어요. 그니까
01:12:55.639 --> 01:12:57.550	걔네가 해외로 밖으로 많이 못 나와서
01:12:57.560 --> 01:12:59.430	그렇지. 근데 말씀하신 것처럼
01:12:59.440 --> 01:13:01.709	한국에서 어떻게 보면은 이런 부분들을
01:13:01.719 --> 01:13:04.270	좀 저희가 먼저 에이전틱이랑 결합을
01:13:04.280 --> 01:13:05.669	하거나 이미 기존에 잘돼 있는
01:13:05.679 --> 01:13:08.470	부분들은 가져오고 저희가 요런 부분에
01:13:08.480 --> 01:13:10.950	완성도를 높여서 완성도 높은 AX
01:13:10.960 --> 01:13:13.310	프로그램을 산업적으로 먼저 제공을 할
01:13:13.320 --> 01:13:15.790	수도 있을 것 같고 이렇게 국가적인
01:13:15.800 --> 01:13:17.629	경쟁력 차원에서 우리가 어떤 분야에
01:13:17.639 --> 01:13:19.310	좀 선택과 집중을 할 건지 그리고 또
01:13:19.320 --> 01:13:22.070	이제 기업들에서 어떤 부분을 요청받아
01:13:22.080 --> 01:13:24.870	가지고 더 할 건지를 조금 더
01:13:24.880 --> 01:13:26.270	포커싱해서 논의했으면 좋겠다.
01:13:26.280 --> 01:13:28.310	그러니까 산업을 도을 어디를 찍을
01:13:28.320 --> 01:13:30.830	건지를 몇 개를 도메인을 지정하는
01:13:30.840 --> 01:13:33.830	부분과요 부분에서 에이전티가 결합된
01:13:33.840 --> 01:13:36.070	형태의 a 분야에서 지금 이미 하고
01:13:36.080 --> 01:13:37.990	계시 업스테이지도 지금 많이 하고
01:13:38.000 --> 01:13:40.270	계시니까 이런 분들의 경쟁력을 높여
01:13:40.280 --> 01:13:41.629	주기 위해서 우리가 뭐 어떤 일을
01:13:41.639 --> 01:13:43.870	해야 될 건지 이런 쪽으로 조금 더
01:13:43.880 --> 01:13:45.629	가면 논의가 좀 더 면적일 수 있을
01:13:45.639 --> 01:13:46.189	것 같다는
01:13:46.199 --> 01:13:48.950	&gt;&gt; 네. 그거는 추후 아주 좋은 말씀을
01:13:48.960 --> 01:13:52.229	기준으로 산업 특화나 아니면 뭐 킬러
01:13:52.239 --> 01:13:54.470	어 에이전트 서비스를 우리가 좀
01:13:54.480 --> 01:13:55.669	발굴하는 건 필요할 것 같고요.
01:13:55.679 --> 01:13:59.270	끝으로 시간상 우리 신민철 국장님도
01:13:59.280 --> 01:14:01.950	한번 정부 측에서 좀 말씀해 주시면
01:14:01.960 --> 01:14:02.590	좋을 것 같아요.
01:14:02.600 --> 01:14:05.430	&gt;&gt; 예. 오늘 두 분 말씀 감사하고요.
01:14:05.440 --> 01:14:08.030	그 아까 우리 김성훈 대표님 아이
01:14:08.040 --> 01:14:10.750	스튜디오 개발하셨고 그게 세계적인
01:14:10.760 --> 01:14:14.070	품질를 가진다고 말씀하셨는데
01:14:14.080 --> 01:14:15.870	그럼 이게 회사 기밀인지 어떤지
01:14:15.880 --> 01:14:18.669	모르겠는데 그 개발하신 분들이 아까
01:14:18.679 --> 01:14:21.470	이제 곰공 개발자들 말씀하셨는데
01:14:21.480 --> 01:14:24.229	순수하게 컴공 개발자들이 하신 건지
01:14:24.239 --> 01:14:26.510	아니면 좀 여타 전공자들도 같이
01:14:26.520 --> 01:14:28.669	그니까 회사 전체적으로도
01:14:28.679 --> 01:14:32.229	좀 소프트웨어 전문가 그다음에 여타
01:14:32.239 --> 01:14:34.830	어떤 뭐 순수 공부를 했던 그런
01:14:34.840 --> 01:14:36.950	전문가 뭔가 일반인들도 좀 포함되
01:14:36.960 --> 01:14:39.470	있는 건지 궁금하고요. 그다음에 좀
01:14:39.480 --> 01:14:41.390	기업 차원에서 정부에 좀 권의하고
01:14:41.400 --> 01:14:43.350	싶은 뭐 에로 사항이나 권의하고
01:14:43.360 --> 01:14:45.110	싶은게 있으시면 좀 말씀해 주시면
01:14:45.120 --> 01:14:46.550	감사하겠습니다.
01:14:46.560 --> 01:14:48.390	&gt;&gt; 네. 예. 우선 그 아이스튜디오는
01:14:48.400 --> 01:14:51.550	현재 그 보통 소프트웨어 개발은
01:14:51.560 --> 01:14:54.110	기획자라고 불리는 기획 보통 이제
01:14:54.120 --> 01:14:55.790	문과에서 많이 오신 분들 아주
01:14:55.800 --> 01:14:57.430	상상력이 뛰어나신 분들 그리고
01:14:57.440 --> 01:14:59.590	디자이너 그리고 개발자 요렇게 조금
01:14:59.600 --> 01:15:01.510	구성이 돼 있는데 지금 이제 바이브
01:15:01.520 --> 01:15:03.189	코딩이 되면서 개발자 포션이 좀
01:15:03.199 --> 01:15:06.189	줄어들어요. 그래서 뭐 제가 볼 때는
01:15:06.199 --> 01:15:09.030	이제 이상적인 팀은 뭐 기획자 한두
01:15:09.040 --> 01:15:11.510	한 명 그리고 디자이너 한 명 그리고
01:15:11.520 --> 01:15:13.030	개발자 옛날에는 개발자 10열명이
01:15:13.040 --> 01:15:14.790	필요했거든요.네 네. 개발자가 이제
01:15:14.800 --> 01:15:17.669	상당히 적은 수로도 가능하다는 거고
01:15:17.679 --> 01:15:22.189	그 기업 입장에서 좀 도와주면 좋겠다
01:15:22.199 --> 01:15:24.790	요런 거는 사실 이제 독자 파운데
01:15:24.800 --> 01:15:26.229	모델을 통해서 저희들은 너무 많이
01:15:26.239 --> 01:15:27.990	도와주고 계셔 가지고 사실 요즘은
01:15:28.000 --> 01:15:29.790	많이 생각해 보진 않았어요. 뭐 뭘
01:15:29.800 --> 01:15:31.149	도와주면 좋을지 오늘 생각 안 하고
01:15:31.159 --> 01:15:33.830	왔는데 어 평상시 이제 저들이
01:15:33.840 --> 01:15:35.070	고민하고 있는 걸 조금 몇 가지
01:15:35.080 --> 01:15:37.430	말씀드리면은 하나는 아까 그런
01:15:37.440 --> 01:15:40.790	데이터에 대한 수 문제예요. 그래서
01:15:40.800 --> 01:15:43.229	그 저는 뭐 그게 민간에서는 되게
01:15:43.239 --> 01:15:45.310	어렵다고 하면은 공공에서 어떤
01:15:45.320 --> 01:15:48.110	일반적인 업무 프로세스라든지 또
01:15:48.120 --> 01:15:50.149	일하는 그 에이전틱을 위한 그 데이터
01:15:50.159 --> 01:15:53.149	같은 것들을 좀 수집할 수 있냐 뭐
01:15:53.159 --> 01:15:54.629	그런 거에 대한 좀 질문을 좀 많이
01:15:54.639 --> 01:15:56.950	드려 보고 싶고 혹시나 그런 가능하면
01:15:56.960 --> 01:15:59.629	좋겠고 아까 뭐 제가 했었던 이야기는
01:15:59.639 --> 01:16:01.629	계속 말씀드렸지만 업무를 잘하시는
01:16:01.639 --> 01:16:03.189	분들하고 저희들이 접점을 좀 많이
01:16:03.199 --> 01:16:04.870	갖고 싶어요. 그래서 이제 그런
01:16:04.880 --> 01:16:06.590	부분들 도와주시면은 좋은 에이전트
01:16:06.600 --> 01:16:08.870	만들 수 있을 것 같습니다.
01:16:08.880 --> 01:16:10.709	&gt;&gt; 네. 그러면 끝으로 우리 조드원
01:16:10.719 --> 01:16:13.669	대표님 한 말씀해 주시죠.
01:16:13.679 --> 01:16:15.390	그 아까 답변 못 드린 것 중에 좀
01:16:15.400 --> 01:16:17.430	인상적인 것들 좀 찾아봤는데요. 또
01:16:17.440 --> 01:16:20.229	수상아 팀 중에 알바보이라고 이제
01:16:20.239 --> 01:16:23.910	사실 보이 그 AI 에이전트도 사람이
01:16:23.920 --> 01:16:25.470	필요한 일들이 있습니다. 예를 들어
01:16:25.480 --> 01:16:27.030	뭐 아직 신체가 필요한 건 이제
01:16:27.040 --> 01:16:28.870	사람이 필요하니까 AI 에이전트가
01:16:28.880 --> 01:16:31.510	이제 사람이 필요한 거를 등록해서
01:16:31.520 --> 01:16:33.709	오히려 봇과 사람이 이제 서로 업무를
01:16:33.719 --> 01:16:35.510	도와줄 수 있는 이런 프 플랫폼을
01:16:35.520 --> 01:16:38.189	만든 팀도 수상한 팀이 있었고요.
01:16:38.199 --> 01:16:40.830	또네 온라인 뭐 셀러들을 위해서
01:16:40.840 --> 01:16:42.590	글로벌 현지와 이런 거 도와주는
01:16:42.600 --> 01:16:44.590	서비스 만든 팀도 있었고 뭐 어린이
01:16:44.600 --> 01:16:46.870	동화책을 이제 AI로 자동으로 만들어
01:16:46.880 --> 01:16:48.950	주는 팀도 있었고네 등등 되게
01:16:48.960 --> 01:16:51.270	인상적인 팀들이 많았습니다. 네.
01:16:51.280 --> 01:16:53.070	그리고 어 저도 그 정부 얘기해
01:16:53.080 --> 01:16:55.510	주셔서 그 말씀드리고 싶었던 거는 어
01:16:55.520 --> 01:16:57.350	아무래도 이제 예전에는 이제
01:16:57.360 --> 01:16:59.510	부트캠프가 이제 완전 개발자 양성
01:16:59.520 --> 01:17:01.790	요쪽으로 그 정부에서도 K디지털
01:17:01.800 --> 01:17:03.990	트레이닝이나 이런 쪽으로 많았는데
01:17:04.000 --> 01:17:06.110	이제는 그 K디지털 트레이닝의
01:17:06.120 --> 01:17:08.669	방향성을 완전 AI로 바꿔야 되지
01:17:08.679 --> 01:17:10.669	않나라고 생각이 듭니다. 네. 그래서
01:17:10.679 --> 01:17:13.629	전반적인 개발 교육도 이제는 AI
01:17:13.639 --> 01:17:15.750	교육으로 완전 바뀌어서 AX 전문가
01:17:15.760 --> 01:17:17.550	요런 분들을 좀 양성한 쪽으로 가야
01:17:17.560 --> 01:17:19.790	되지 않을까라는 생각이 들었습니다.
01:17:19.800 --> 01:17:23.070	&gt;&gt; 네. 오늘 아침 7시 반부터 와 주신
01:17:23.080 --> 01:17:24.910	우리 조동군 대표님, 김성훈 대표님
01:17:24.920 --> 01:17:27.669	정말 감사하고요. 그 저희 분가는
01:17:27.679 --> 01:17:30.550	앞으로 좀 어피니언 리더들이나 아니면
01:17:30.560 --> 01:17:32.310	테크를 주도하는 분들을 많이 모셔
01:17:32.320 --> 01:17:34.990	가지고 좀 현장의 소리도 듣고 그리고
01:17:35.000 --> 01:17:37.270	좀 저희가 좀 깨어 있는 자세로 그
01:17:37.280 --> 01:17:38.910	위원회 활동을 하도록 하겠습니다.
01:17:38.920 --> 01:17:40.709	오늘 정말 감사합니다. 또 우리
01:17:40.719 --> 01:17:42.950	아침일찍 지원단 여러분 감사합니다.
01:17:42.960 --> 01:17:46.600	이것을 마치도록 하겠습니다.